# Original VulkanTron Obsidian cycle; generated by create_obsidian_art.py
mtllib lightcycle.mtl
v -0.690000 -2.684007 0.052366
v -0.690000 -2.669000 -0.100000
v -0.690000 -3.450000 -0.100000
v -0.690000 -2.614371 0.066217
v -0.690000 -2.598000 -0.100000
v -0.690000 -2.252265 0.138244
v -0.690000 -2.228800 -0.100000
v -0.690000 -2.140848 0.160407
v -0.690000 -2.115200 -0.100000
v -0.690000 -2.057285 0.177028
v -0.690000 -2.030000 -0.100000
v -0.690000 -2.728450 0.198876
v -0.690000 -2.662855 0.226046
v -0.690000 -2.321758 0.367333
v -0.690000 -2.216806 0.410806
v -0.690000 -2.138091 0.443410
v -0.690000 -2.800622 0.333900
v -0.690000 -2.741588 0.373346
v -0.690000 -2.434609 0.578462
v -0.690000 -2.340154 0.641575
v -0.690000 -2.269313 0.688910
v -0.690000 -2.897750 0.452250
v -0.690000 -2.847545 0.502455
v -0.690000 -2.586481 0.763519
v -0.690000 -2.506154 0.843846
v -0.690000 -2.445908 0.904092
v -0.690000 -3.016100 0.549378
v -0.690000 -2.976654 0.608412
v -0.690000 -2.771538 0.915391
v -0.690000 -2.708425 1.009846
v -0.690000 -2.661090 1.080687
v -0.690000 -3.151124 0.621550
v -0.690000 -3.123954 0.687145
v -0.690000 -2.982667 1.028242
v -0.690000 -2.939194 1.133194
v -0.690000 -2.906590 1.211909
v -0.690000 -3.297634 0.665993
v -0.690000 -3.283783 0.735629
v -0.690000 -3.211756 1.097735
v -0.690000 -3.189593 1.209152
v -0.690000 -3.172972 1.292715
v -0.690000 -3.450000 0.681000
v -0.690000 -3.450000 0.752000
v -0.690000 -3.450000 1.121200
v -0.690000 -3.450000 1.234800
v -0.690000 -3.450000 1.320000
v -0.690000 -3.602366 0.665993
v -0.690000 -3.616217 0.735629
v -0.690000 -3.688244 1.097735
v -0.690000 -3.710407 1.209152
v -0.690000 -3.727028 1.292715
v -0.690000 -3.748876 0.621550
v -0.690000 -3.776046 0.687145
v -0.690000 -3.917333 1.028242
v -0.690000 -3.960806 1.133194
v -0.690000 -3.993410 1.211909
v -0.690000 -3.883900 0.549378
v -0.690000 -3.923346 0.608412
v -0.690000 -4.128462 0.915391
v -0.690000 -4.191575 1.009846
v -0.690000 -4.238910 1.080687
v -0.690000 -4.002250 0.452250
v -0.690000 -4.052455 0.502455
v -0.690000 -4.313519 0.763519
v -0.690000 -4.393846 0.843846
v -0.690000 -4.454092 0.904092
v -0.690000 -4.099378 0.333900
v -0.690000 -4.158412 0.373346
v -0.690000 -4.465391 0.578462
v -0.690000 -4.559846 0.641575
v -0.690000 -4.630687 0.688910
v -0.690000 -4.171550 0.198876
v -0.690000 -4.237145 0.226046
v -0.690000 -4.578242 0.367333
v -0.690000 -4.683194 0.410806
v -0.690000 -4.761909 0.443410
v -0.690000 -4.215993 0.052366
v -0.690000 -4.285629 0.066217
v -0.690000 -4.647735 0.138244
v -0.690000 -4.759152 0.160407
v -0.690000 -4.842715 0.177028
v -0.690000 -4.231000 -0.100000
v -0.690000 -4.302000 -0.100000
v -0.690000 -4.671200 -0.100000
v -0.690000 -4.784800 -0.100000
v -0.690000 -4.870000 -0.100000
v -0.690000 -4.215993 -0.252366
v -0.690000 -4.285629 -0.266217
v -0.690000 -4.647735 -0.338244
v -0.690000 -4.759152 -0.360407
v -0.690000 -4.842715 -0.377028
v -0.690000 -4.171550 -0.398876
v -0.690000 -4.237145 -0.426046
v -0.690000 -4.578242 -0.567333
v -0.690000 -4.683194 -0.610806
v -0.690000 -4.761909 -0.643410
v -0.690000 -4.099378 -0.533900
v -0.690000 -4.158412 -0.573346
v -0.690000 -4.465391 -0.778462
v -0.690000 -4.559846 -0.841575
v -0.690000 -4.630687 -0.888910
v -0.690000 -4.002250 -0.652250
v -0.690000 -4.052455 -0.702455
v -0.690000 -4.313519 -0.963519
v -0.690000 -4.393846 -1.043846
v -0.690000 -4.454092 -1.104092
v -0.690000 -3.883900 -0.749378
v -0.690000 -3.923346 -0.808412
v -0.690000 -4.128462 -1.115391
v -0.690000 -4.191575 -1.209846
v -0.690000 -4.238910 -1.280687
v -0.690000 -3.748876 -0.821550
v -0.690000 -3.776046 -0.887145
v -0.690000 -3.917333 -1.228242
v -0.690000 -3.960806 -1.333194
v -0.690000 -3.993410 -1.411909
v -0.690000 -3.602366 -0.865993
v -0.690000 -3.616217 -0.935629
v -0.690000 -3.688244 -1.297735
v -0.690000 -3.710407 -1.409152
v -0.690000 -3.727028 -1.492715
v -0.690000 -3.450000 -0.881000
v -0.690000 -3.450000 -0.952000
v -0.690000 -3.450000 -1.321200
v -0.690000 -3.450000 -1.434800
v -0.690000 -3.450000 -1.520000
v -0.690000 -3.297634 -0.865993
v -0.690000 -3.283783 -0.935629
v -0.690000 -3.211756 -1.297735
v -0.690000 -3.189593 -1.409152
v -0.690000 -3.172972 -1.492715
v -0.690000 -3.151124 -0.821550
v -0.690000 -3.123954 -0.887145
v -0.690000 -2.982667 -1.228242
v -0.690000 -2.939194 -1.333194
v -0.690000 -2.906590 -1.411909
v -0.690000 -3.016100 -0.749378
v -0.690000 -2.976654 -0.808412
v -0.690000 -2.771538 -1.115391
v -0.690000 -2.708425 -1.209846
v -0.690000 -2.661090 -1.280687
v -0.690000 -2.897750 -0.652250
v -0.690000 -2.847545 -0.702455
v -0.690000 -2.586481 -0.963519
v -0.690000 -2.506154 -1.043846
v -0.690000 -2.445908 -1.104092
v -0.690000 -2.800622 -0.533900
v -0.690000 -2.741588 -0.573346
v -0.690000 -2.434609 -0.778462
v -0.690000 -2.340154 -0.841575
v -0.690000 -2.269313 -0.888910
v -0.690000 -2.728450 -0.398876
v -0.690000 -2.662855 -0.426046
v -0.690000 -2.321758 -0.567333
v -0.690000 -2.216806 -0.610806
v -0.690000 -2.138091 -0.643410
v -0.690000 -2.684007 -0.252366
v -0.690000 -2.614371 -0.266217
v -0.690000 -2.252265 -0.338244
v -0.690000 -2.140848 -0.360407
v -0.690000 -2.057285 -0.377028
v 0.690000 -3.450000 -0.100000
v 0.690000 -2.669000 -0.100000
v 0.690000 -2.684007 0.052366
v 0.690000 -2.598000 -0.100000
v 0.690000 -2.614371 0.066217
v 0.690000 -2.228800 -0.100000
v 0.690000 -2.252265 0.138244
v 0.690000 -2.115200 -0.100000
v 0.690000 -2.140848 0.160407
v 0.690000 -2.030000 -0.100000
v 0.690000 -2.057285 0.177028
v -0.590000 -2.057285 0.177028
v -0.590000 -2.030000 -0.100000
v 0.590000 -2.057285 0.177028
v 0.590000 -2.030000 -0.100000
v 0.690000 -2.728450 0.198876
v 0.690000 -2.662855 0.226046
v 0.690000 -2.321758 0.367333
v 0.690000 -2.216806 0.410806
v 0.690000 -2.138091 0.443410
v -0.590000 -2.138091 0.443410
v 0.590000 -2.138091 0.443410
v 0.690000 -2.800622 0.333900
v 0.690000 -2.741588 0.373346
v 0.690000 -2.434609 0.578462
v 0.690000 -2.340154 0.641575
v 0.690000 -2.269313 0.688910
v -0.590000 -2.269313 0.688910
v 0.590000 -2.269313 0.688910
v 0.690000 -2.897750 0.452250
v 0.690000 -2.847545 0.502455
v 0.690000 -2.586481 0.763519
v 0.690000 -2.506154 0.843846
v 0.690000 -2.445908 0.904092
v -0.590000 -2.445908 0.904092
v 0.590000 -2.445908 0.904092
v 0.690000 -3.016100 0.549378
v 0.690000 -2.976654 0.608412
v 0.690000 -2.771538 0.915391
v 0.690000 -2.708425 1.009846
v 0.690000 -2.661090 1.080687
v -0.590000 -2.661090 1.080687
v 0.590000 -2.661090 1.080687
v 0.690000 -3.151124 0.621550
v 0.690000 -3.123954 0.687145
v 0.690000 -2.982667 1.028242
v 0.690000 -2.939194 1.133194
v 0.690000 -2.906590 1.211909
v -0.590000 -2.906590 1.211909
v 0.590000 -2.906590 1.211909
v 0.690000 -3.297634 0.665993
v 0.690000 -3.283783 0.735629
v 0.690000 -3.211756 1.097735
v 0.690000 -3.189593 1.209152
v 0.690000 -3.172972 1.292715
v -0.590000 -3.172972 1.292715
v 0.590000 -3.172972 1.292715
v 0.690000 -3.450000 0.681000
v 0.690000 -3.450000 0.752000
v 0.690000 -3.450000 1.121200
v 0.690000 -3.450000 1.234800
v 0.690000 -3.450000 1.320000
v -0.590000 -3.450000 1.320000
v 0.590000 -3.450000 1.320000
v 0.690000 -3.602366 0.665993
v 0.690000 -3.616217 0.735629
v 0.690000 -3.688244 1.097735
v 0.690000 -3.710407 1.209152
v 0.690000 -3.727028 1.292715
v -0.590000 -3.727028 1.292715
v 0.590000 -3.727028 1.292715
v 0.690000 -3.748876 0.621550
v 0.690000 -3.776046 0.687145
v 0.690000 -3.917333 1.028242
v 0.690000 -3.960806 1.133194
v 0.690000 -3.993410 1.211909
v -0.590000 -3.993410 1.211909
v 0.590000 -3.993410 1.211909
v 0.690000 -3.883900 0.549378
v 0.690000 -3.923346 0.608412
v 0.690000 -4.128462 0.915391
v 0.690000 -4.191575 1.009846
v 0.690000 -4.238910 1.080687
v -0.590000 -4.238910 1.080687
v 0.590000 -4.238910 1.080687
v 0.690000 -4.002250 0.452250
v 0.690000 -4.052455 0.502455
v 0.690000 -4.313519 0.763519
v 0.690000 -4.393846 0.843846
v 0.690000 -4.454092 0.904092
v -0.590000 -4.454092 0.904092
v 0.590000 -4.454092 0.904092
v 0.690000 -4.099378 0.333900
v 0.690000 -4.158412 0.373346
v 0.690000 -4.465391 0.578462
v 0.690000 -4.559846 0.641575
v 0.690000 -4.630687 0.688910
v -0.590000 -4.630687 0.688910
v 0.590000 -4.630687 0.688910
v 0.690000 -4.171550 0.198876
v 0.690000 -4.237145 0.226046
v 0.690000 -4.578242 0.367333
v 0.690000 -4.683194 0.410806
v 0.690000 -4.761909 0.443410
v -0.590000 -4.761909 0.443410
v 0.590000 -4.761909 0.443410
v 0.690000 -4.215993 0.052366
v 0.690000 -4.285629 0.066217
v 0.690000 -4.647735 0.138244
v 0.690000 -4.759152 0.160407
v 0.690000 -4.842715 0.177028
v -0.590000 -4.842715 0.177028
v 0.590000 -4.842715 0.177028
v 0.690000 -4.231000 -0.100000
v 0.690000 -4.302000 -0.100000
v 0.690000 -4.671200 -0.100000
v 0.690000 -4.784800 -0.100000
v 0.690000 -4.870000 -0.100000
v -0.590000 -4.870000 -0.100000
v 0.590000 -4.870000 -0.100000
v 0.690000 -4.215993 -0.252366
v 0.690000 -4.285629 -0.266217
v 0.690000 -4.647735 -0.338244
v 0.690000 -4.759152 -0.360407
v 0.690000 -4.842715 -0.377028
v -0.590000 -4.842715 -0.377028
v 0.590000 -4.842715 -0.377028
v 0.690000 -4.171550 -0.398876
v 0.690000 -4.237145 -0.426046
v 0.690000 -4.578242 -0.567333
v 0.690000 -4.683194 -0.610806
v 0.690000 -4.761909 -0.643410
v -0.590000 -4.761909 -0.643410
v 0.590000 -4.761909 -0.643410
v 0.690000 -4.099378 -0.533900
v 0.690000 -4.158412 -0.573346
v 0.690000 -4.465391 -0.778462
v 0.690000 -4.559846 -0.841575
v 0.690000 -4.630687 -0.888910
v -0.590000 -4.630687 -0.888910
v 0.590000 -4.630687 -0.888910
v 0.690000 -4.002250 -0.652250
v 0.690000 -4.052455 -0.702455
v 0.690000 -4.313519 -0.963519
v 0.690000 -4.393846 -1.043846
v 0.690000 -4.454092 -1.104092
v -0.590000 -4.454092 -1.104092
v 0.590000 -4.454092 -1.104092
v 0.690000 -3.883900 -0.749378
v 0.690000 -3.923346 -0.808412
v 0.690000 -4.128462 -1.115391
v 0.690000 -4.191575 -1.209846
v 0.690000 -4.238910 -1.280687
v -0.590000 -4.238910 -1.280687
v 0.590000 -4.238910 -1.280687
v 0.690000 -3.748876 -0.821550
v 0.690000 -3.776046 -0.887145
v 0.690000 -3.917333 -1.228242
v 0.690000 -3.960806 -1.333194
v 0.690000 -3.993410 -1.411909
v -0.590000 -3.993410 -1.411909
v 0.590000 -3.993410 -1.411909
v 0.690000 -3.602366 -0.865993
v 0.690000 -3.616217 -0.935629
v 0.690000 -3.688244 -1.297735
v 0.690000 -3.710407 -1.409152
v 0.690000 -3.727028 -1.492715
v -0.590000 -3.727028 -1.492715
v 0.590000 -3.727028 -1.492715
v 0.690000 -3.450000 -0.881000
v 0.690000 -3.450000 -0.952000
v 0.690000 -3.450000 -1.321200
v 0.690000 -3.450000 -1.434800
v 0.690000 -3.450000 -1.520000
v -0.590000 -3.450000 -1.520000
v 0.590000 -3.450000 -1.520000
v 0.690000 -3.297634 -0.865993
v 0.690000 -3.283783 -0.935629
v 0.690000 -3.211756 -1.297735
v 0.690000 -3.189593 -1.409152
v 0.690000 -3.172972 -1.492715
v -0.590000 -3.172972 -1.492715
v 0.590000 -3.172972 -1.492715
v 0.690000 -3.151124 -0.821550
v 0.690000 -3.123954 -0.887145
v 0.690000 -2.982667 -1.228242
v 0.690000 -2.939194 -1.333194
v 0.690000 -2.906590 -1.411909
v -0.590000 -2.906590 -1.411909
v 0.590000 -2.906590 -1.411909
v 0.690000 -3.016100 -0.749378
v 0.690000 -2.976654 -0.808412
v 0.690000 -2.771538 -1.115391
v 0.690000 -2.708425 -1.209846
v 0.690000 -2.661090 -1.280687
v -0.590000 -2.661090 -1.280687
v 0.590000 -2.661090 -1.280687
v 0.690000 -2.897750 -0.652250
v 0.690000 -2.847545 -0.702455
v 0.690000 -2.586481 -0.963519
v 0.690000 -2.506154 -1.043846
v 0.690000 -2.445908 -1.104092
v -0.590000 -2.445908 -1.104092
v 0.590000 -2.445908 -1.104092
v 0.690000 -2.800622 -0.533900
v 0.690000 -2.741588 -0.573346
v 0.690000 -2.434609 -0.778462
v 0.690000 -2.340154 -0.841575
v 0.690000 -2.269313 -0.888910
v -0.590000 -2.269313 -0.888910
v 0.590000 -2.269313 -0.888910
v 0.690000 -2.728450 -0.398876
v 0.690000 -2.662855 -0.426046
v 0.690000 -2.321758 -0.567333
v 0.690000 -2.216806 -0.610806
v 0.690000 -2.138091 -0.643410
v -0.590000 -2.138091 -0.643410
v 0.590000 -2.138091 -0.643410
v 0.690000 -2.684007 -0.252366
v 0.690000 -2.614371 -0.266217
v 0.690000 -2.252265 -0.338244
v 0.690000 -2.140848 -0.360407
v 0.690000 -2.057285 -0.377028
v -0.590000 -2.057285 -0.377028
v 0.590000 -2.057285 -0.377028
v -0.760000 4.048359 0.118804
v -0.760000 4.064000 -0.040000
v -0.760000 3.250000 -0.040000
v -0.760000 4.120937 0.133240
v -0.760000 4.138000 -0.040000
v -0.760000 4.498344 0.208311
v -0.760000 4.522800 -0.040000
v -0.760000 4.614468 0.231410
v -0.760000 4.641200 -0.040000
v -0.760000 4.701562 0.248734
v -0.760000 4.730000 -0.040000
v -0.760000 4.002038 0.271504
v -0.760000 4.070405 0.299823
v -0.760000 4.425914 0.447079
v -0.760000 4.535301 0.492389
v -0.760000 4.617342 0.526371
v -0.760000 3.926816 0.412234
v -0.760000 3.988345 0.453346
v -0.760000 4.308295 0.667130
v -0.760000 4.406741 0.732909
v -0.760000 4.480575 0.782244
v -0.760000 3.825585 0.535585
v -0.760000 3.877911 0.587911
v -0.760000 4.150006 0.860006
v -0.760000 4.233727 0.943727
v -0.760000 4.296518 1.006518
v -0.760000 3.702234 0.636816
v -0.760000 3.743346 0.698345
v -0.760000 3.957130 1.018295
v -0.760000 4.022909 1.116741
v -0.760000 4.072244 1.190575
v -0.760000 3.561504 0.712038
v -0.760000 3.589823 0.780405
v -0.760000 3.737079 1.135914
v -0.760000 3.782389 1.245301
v -0.760000 3.816371 1.327342
v -0.760000 3.408804 0.758359
v -0.760000 3.423240 0.830937
v -0.760000 3.498311 1.208344
v -0.760000 3.521410 1.324468
v -0.760000 3.538734 1.411562
v -0.760000 3.250000 0.774000
v -0.760000 3.250000 0.848000
v -0.760000 3.250000 1.232800
v -0.760000 3.250000 1.351200
v -0.760000 3.250000 1.440000
v -0.760000 3.091196 0.758359
v -0.760000 3.076760 0.830937
v -0.760000 3.001689 1.208344
v -0.760000 2.978590 1.324468
v -0.760000 2.961266 1.411562
v -0.760000 2.938496 0.712038
v -0.760000 2.910177 0.780405
v -0.760000 2.762921 1.135914
v -0.760000 2.717611 1.245301
v -0.760000 2.683629 1.327342
v -0.760000 2.797766 0.636816
v -0.760000 2.756654 0.698345
v -0.760000 2.542870 1.018295
v -0.760000 2.477091 1.116741
v -0.760000 2.427756 1.190575
v -0.760000 2.674415 0.535585
v -0.760000 2.622089 0.587911
v -0.760000 2.349994 0.860006
v -0.760000 2.266273 0.943727
v -0.760000 2.203482 1.006518
v -0.760000 2.573184 0.412234
v -0.760000 2.511655 0.453346
v -0.760000 2.191705 0.667130
v -0.760000 2.093259 0.732909
v -0.760000 2.019425 0.782244
v -0.760000 2.497962 0.271504
v -0.760000 2.429595 0.299823
v -0.760000 2.074086 0.447079
v -0.760000 1.964699 0.492389
v -0.760000 1.882658 0.526371
v -0.760000 2.451641 0.118804
v -0.760000 2.379063 0.133240
v -0.760000 2.001656 0.208311
v -0.760000 1.885532 0.231410
v -0.760000 1.798438 0.248734
v -0.760000 2.436000 -0.040000
v -0.760000 2.362000 -0.040000
v -0.760000 1.977200 -0.040000
v -0.760000 1.858800 -0.040000
v -0.760000 1.770000 -0.040000
v -0.760000 2.451641 -0.198804
v -0.760000 2.379063 -0.213240
v -0.760000 2.001656 -0.288311
v -0.760000 1.885532 -0.311410
v -0.760000 1.798438 -0.328734
v -0.760000 2.497962 -0.351504
v -0.760000 2.429595 -0.379823
v -0.760000 2.074086 -0.527079
v -0.760000 1.964699 -0.572389
v -0.760000 1.882658 -0.606371
v -0.760000 2.573184 -0.492234
v -0.760000 2.511655 -0.533346
v -0.760000 2.191705 -0.747130
v -0.760000 2.093259 -0.812909
v -0.760000 2.019425 -0.862244
v -0.760000 2.674415 -0.615585
v -0.760000 2.622089 -0.667911
v -0.760000 2.349994 -0.940006
v -0.760000 2.266273 -1.023727
v -0.760000 2.203482 -1.086518
v -0.760000 2.797766 -0.716816
v -0.760000 2.756654 -0.778345
v -0.760000 2.542870 -1.098295
v -0.760000 2.477091 -1.196741
v -0.760000 2.427756 -1.270575
v -0.760000 2.938496 -0.792038
v -0.760000 2.910177 -0.860405
v -0.760000 2.762921 -1.215914
v -0.760000 2.717611 -1.325301
v -0.760000 2.683629 -1.407342
v -0.760000 3.091196 -0.838359
v -0.760000 3.076760 -0.910937
v -0.760000 3.001689 -1.288344
v -0.760000 2.978590 -1.404468
v -0.760000 2.961266 -1.491562
v -0.760000 3.250000 -0.854000
v -0.760000 3.250000 -0.928000
v -0.760000 3.250000 -1.312800
v -0.760000 3.250000 -1.431200
v -0.760000 3.250000 -1.520000
v -0.760000 3.408804 -0.838359
v -0.760000 3.423240 -0.910937
v -0.760000 3.498311 -1.288344
v -0.760000 3.521410 -1.404468
v -0.760000 3.538734 -1.491562
v -0.760000 3.561504 -0.792038
v -0.760000 3.589823 -0.860405
v -0.760000 3.737079 -1.215914
v -0.760000 3.782389 -1.325301
v -0.760000 3.816371 -1.407342
v -0.760000 3.702234 -0.716816
v -0.760000 3.743346 -0.778345
v -0.760000 3.957130 -1.098295
v -0.760000 4.022909 -1.196741
v -0.760000 4.072244 -1.270575
v -0.760000 3.825585 -0.615585
v -0.760000 3.877911 -0.667911
v -0.760000 4.150006 -0.940006
v -0.760000 4.233727 -1.023727
v -0.760000 4.296518 -1.086518
v -0.760000 3.926816 -0.492234
v -0.760000 3.988345 -0.533346
v -0.760000 4.308295 -0.747130
v -0.760000 4.406741 -0.812909
v -0.760000 4.480575 -0.862244
v -0.760000 4.002038 -0.351504
v -0.760000 4.070405 -0.379823
v -0.760000 4.425914 -0.527079
v -0.760000 4.535301 -0.572389
v -0.760000 4.617342 -0.606371
v -0.760000 4.048359 -0.198804
v -0.760000 4.120937 -0.213240
v -0.760000 4.498344 -0.288311
v -0.760000 4.614468 -0.311410
v -0.760000 4.701562 -0.328734
v 0.760000 3.250000 -0.040000
v 0.760000 4.064000 -0.040000
v 0.760000 4.048359 0.118804
v 0.760000 4.138000 -0.040000
v 0.760000 4.120937 0.133240
v 0.760000 4.522800 -0.040000
v 0.760000 4.498344 0.208311
v 0.760000 4.641200 -0.040000
v 0.760000 4.614468 0.231410
v 0.760000 4.730000 -0.040000
v 0.760000 4.701562 0.248734
v -0.660000 4.701562 0.248734
v -0.660000 4.730000 -0.040000
v 0.660000 4.701562 0.248734
v 0.660000 4.730000 -0.040000
v 0.760000 4.002038 0.271504
v 0.760000 4.070405 0.299823
v 0.760000 4.425914 0.447079
v 0.760000 4.535301 0.492389
v 0.760000 4.617342 0.526371
v -0.660000 4.617342 0.526371
v 0.660000 4.617342 0.526371
v 0.760000 3.926816 0.412234
v 0.760000 3.988345 0.453346
v 0.760000 4.308295 0.667130
v 0.760000 4.406741 0.732909
v 0.760000 4.480575 0.782244
v -0.660000 4.480575 0.782244
v 0.660000 4.480575 0.782244
v 0.760000 3.825585 0.535585
v 0.760000 3.877911 0.587911
v 0.760000 4.150006 0.860006
v 0.760000 4.233727 0.943727
v 0.760000 4.296518 1.006518
v -0.660000 4.296518 1.006518
v 0.660000 4.296518 1.006518
v 0.760000 3.702234 0.636816
v 0.760000 3.743346 0.698345
v 0.760000 3.957130 1.018295
v 0.760000 4.022909 1.116741
v 0.760000 4.072244 1.190575
v -0.660000 4.072244 1.190575
v 0.660000 4.072244 1.190575
v 0.760000 3.561504 0.712038
v 0.760000 3.589823 0.780405
v 0.760000 3.737079 1.135914
v 0.760000 3.782389 1.245301
v 0.760000 3.816371 1.327342
v -0.660000 3.816371 1.327342
v 0.660000 3.816371 1.327342
v 0.760000 3.408804 0.758359
v 0.760000 3.423240 0.830937
v 0.760000 3.498311 1.208344
v 0.760000 3.521410 1.324468
v 0.760000 3.538734 1.411562
v -0.660000 3.538734 1.411562
v 0.660000 3.538734 1.411562
v 0.760000 3.250000 0.774000
v 0.760000 3.250000 0.848000
v 0.760000 3.250000 1.232800
v 0.760000 3.250000 1.351200
v 0.760000 3.250000 1.440000
v -0.660000 3.250000 1.440000
v 0.660000 3.250000 1.440000
v 0.760000 3.091196 0.758359
v 0.760000 3.076760 0.830937
v 0.760000 3.001689 1.208344
v 0.760000 2.978590 1.324468
v 0.760000 2.961266 1.411562
v -0.660000 2.961266 1.411562
v 0.660000 2.961266 1.411562
v 0.760000 2.938496 0.712038
v 0.760000 2.910177 0.780405
v 0.760000 2.762921 1.135914
v 0.760000 2.717611 1.245301
v 0.760000 2.683629 1.327342
v -0.660000 2.683629 1.327342
v 0.660000 2.683629 1.327342
v 0.760000 2.797766 0.636816
v 0.760000 2.756654 0.698345
v 0.760000 2.542870 1.018295
v 0.760000 2.477091 1.116741
v 0.760000 2.427756 1.190575
v -0.660000 2.427756 1.190575
v 0.660000 2.427756 1.190575
v 0.760000 2.674415 0.535585
v 0.760000 2.622089 0.587911
v 0.760000 2.349994 0.860006
v 0.760000 2.266273 0.943727
v 0.760000 2.203482 1.006518
v -0.660000 2.203482 1.006518
v 0.660000 2.203482 1.006518
v 0.760000 2.573184 0.412234
v 0.760000 2.511655 0.453346
v 0.760000 2.191705 0.667130
v 0.760000 2.093259 0.732909
v 0.760000 2.019425 0.782244
v -0.660000 2.019425 0.782244
v 0.660000 2.019425 0.782244
v 0.760000 2.497962 0.271504
v 0.760000 2.429595 0.299823
v 0.760000 2.074086 0.447079
v 0.760000 1.964699 0.492389
v 0.760000 1.882658 0.526371
v -0.660000 1.882658 0.526371
v 0.660000 1.882658 0.526371
v 0.760000 2.451641 0.118804
v 0.760000 2.379063 0.133240
v 0.760000 2.001656 0.208311
v 0.760000 1.885532 0.231410
v 0.760000 1.798438 0.248734
v -0.660000 1.798438 0.248734
v 0.660000 1.798438 0.248734
v 0.760000 2.436000 -0.040000
v 0.760000 2.362000 -0.040000
v 0.760000 1.977200 -0.040000
v 0.760000 1.858800 -0.040000
v 0.760000 1.770000 -0.040000
v -0.660000 1.770000 -0.040000
v 0.660000 1.770000 -0.040000
v 0.760000 2.451641 -0.198804
v 0.760000 2.379063 -0.213240
v 0.760000 2.001656 -0.288311
v 0.760000 1.885532 -0.311410
v 0.760000 1.798438 -0.328734
v -0.660000 1.798438 -0.328734
v 0.660000 1.798438 -0.328734
v 0.760000 2.497962 -0.351504
v 0.760000 2.429595 -0.379823
v 0.760000 2.074086 -0.527079
v 0.760000 1.964699 -0.572389
v 0.760000 1.882658 -0.606371
v -0.660000 1.882658 -0.606371
v 0.660000 1.882658 -0.606371
v 0.760000 2.573184 -0.492234
v 0.760000 2.511655 -0.533346
v 0.760000 2.191705 -0.747130
v 0.760000 2.093259 -0.812909
v 0.760000 2.019425 -0.862244
v -0.660000 2.019425 -0.862244
v 0.660000 2.019425 -0.862244
v 0.760000 2.674415 -0.615585
v 0.760000 2.622089 -0.667911
v 0.760000 2.349994 -0.940006
v 0.760000 2.266273 -1.023727
v 0.760000 2.203482 -1.086518
v -0.660000 2.203482 -1.086518
v 0.660000 2.203482 -1.086518
v 0.760000 2.797766 -0.716816
v 0.760000 2.756654 -0.778345
v 0.760000 2.542870 -1.098295
v 0.760000 2.477091 -1.196741
v 0.760000 2.427756 -1.270575
v -0.660000 2.427756 -1.270575
v 0.660000 2.427756 -1.270575
v 0.760000 2.938496 -0.792038
v 0.760000 2.910177 -0.860405
v 0.760000 2.762921 -1.215914
v 0.760000 2.717611 -1.325301
v 0.760000 2.683629 -1.407342
v -0.660000 2.683629 -1.407342
v 0.660000 2.683629 -1.407342
v 0.760000 3.091196 -0.838359
v 0.760000 3.076760 -0.910937
v 0.760000 3.001689 -1.288344
v 0.760000 2.978590 -1.404468
v 0.760000 2.961266 -1.491562
v -0.660000 2.961266 -1.491562
v 0.660000 2.961266 -1.491562
v 0.760000 3.250000 -0.854000
v 0.760000 3.250000 -0.928000
v 0.760000 3.250000 -1.312800
v 0.760000 3.250000 -1.431200
v 0.760000 3.250000 -1.520000
v -0.660000 3.250000 -1.520000
v 0.660000 3.250000 -1.520000
v 0.760000 3.408804 -0.838359
v 0.760000 3.423240 -0.910937
v 0.760000 3.498311 -1.288344
v 0.760000 3.521410 -1.404468
v 0.760000 3.538734 -1.491562
v -0.660000 3.538734 -1.491562
v 0.660000 3.538734 -1.491562
v 0.760000 3.561504 -0.792038
v 0.760000 3.589823 -0.860405
v 0.760000 3.737079 -1.215914
v 0.760000 3.782389 -1.325301
v 0.760000 3.816371 -1.407342
v -0.660000 3.816371 -1.407342
v 0.660000 3.816371 -1.407342
v 0.760000 3.702234 -0.716816
v 0.760000 3.743346 -0.778345
v 0.760000 3.957130 -1.098295
v 0.760000 4.022909 -1.196741
v 0.760000 4.072244 -1.270575
v -0.660000 4.072244 -1.270575
v 0.660000 4.072244 -1.270575
v 0.760000 3.825585 -0.615585
v 0.760000 3.877911 -0.667911
v 0.760000 4.150006 -0.940006
v 0.760000 4.233727 -1.023727
v 0.760000 4.296518 -1.086518
v -0.660000 4.296518 -1.086518
v 0.660000 4.296518 -1.086518
v 0.760000 3.926816 -0.492234
v 0.760000 3.988345 -0.533346
v 0.760000 4.308295 -0.747130
v 0.760000 4.406741 -0.812909
v 0.760000 4.480575 -0.862244
v -0.660000 4.480575 -0.862244
v 0.660000 4.480575 -0.862244
v 0.760000 4.002038 -0.351504
v 0.760000 4.070405 -0.379823
v 0.760000 4.425914 -0.527079
v 0.760000 4.535301 -0.572389
v 0.760000 4.617342 -0.606371
v -0.660000 4.617342 -0.606371
v 0.660000 4.617342 -0.606371
v 0.760000 4.048359 -0.198804
v 0.760000 4.120937 -0.213240
v 0.760000 4.498344 -0.288311
v 0.760000 4.614468 -0.311410
v 0.760000 4.701562 -0.328734
v -0.660000 4.701562 -0.328734
v 0.660000 4.701562 -0.328734
v 0.000000 0.200000 -0.840000
v 0.303079 0.398945 -0.806229
v 0.309017 0.200000 -0.806229
v 0.285494 0.590244 -0.806229
v 0.256938 0.766546 -0.806229
v 0.218508 0.921076 -0.806229
v 0.171681 1.047896 -0.806229
v 0.118256 1.142132 -0.806229
v 0.060286 1.200162 -0.806229
v 0.000000 1.219756 -0.806229
v -0.060286 1.200162 -0.806229
v -0.118256 1.142132 -0.806229
v -0.171681 1.047896 -0.806229
v -0.218508 0.921076 -0.806229
v -0.256938 0.766546 -0.806229
v -0.285494 0.590244 -0.806229
v -0.303079 0.398945 -0.806229
v -0.309017 0.200000 -0.806229
v -0.303079 0.001055 -0.806229
v -0.285494 -0.190244 -0.806229
v -0.256938 -0.366546 -0.806229
v -0.218508 -0.521076 -0.806229
v -0.171681 -0.647896 -0.806229
v -0.118256 -0.742132 -0.806229
v -0.060286 -0.800162 -0.806229
v -0.000000 -0.819756 -0.806229
v 0.060286 -0.800162 -0.806229
v 0.118256 -0.742132 -0.806229
v 0.171681 -0.647896 -0.806229
v 0.218508 -0.521076 -0.806229
v 0.256938 -0.366546 -0.806229
v 0.285494 -0.190244 -0.806229
v 0.303079 0.001055 -0.806229
v 0.576491 0.578415 -0.708222
v 0.587785 0.200000 -0.708222
v 0.543043 0.942288 -0.708222
v 0.488726 1.277635 -0.708222
v 0.415627 1.571569 -0.708222
v 0.326556 1.812794 -0.708222
v 0.224936 1.992041 -0.708222
v 0.114671 2.102421 -0.708222
v 0.000000 2.139691 -0.708222
v -0.114671 2.102421 -0.708222
v -0.224936 1.992041 -0.708222
v -0.326556 1.812794 -0.708222
v -0.415627 1.571569 -0.708222
v -0.488726 1.277635 -0.708222
v -0.543043 0.942288 -0.708222
v -0.576491 0.578415 -0.708222
v -0.587785 0.200000 -0.708222
v -0.576491 -0.178415 -0.708222
v -0.543043 -0.542288 -0.708222
v -0.488726 -0.877635 -0.708222
v -0.415627 -1.171569 -0.708222
v -0.326556 -1.412794 -0.708222
v -0.224936 -1.592041 -0.708222
v -0.114671 -1.702421 -0.708222
v -0.000000 -1.739691 -0.708222
v 0.114671 -1.702421 -0.708222
v 0.224936 -1.592041 -0.708222
v 0.326556 -1.412794 -0.708222
v 0.415627 -1.171569 -0.708222
v 0.488726 -0.877635 -0.708222
v 0.543043 -0.542288 -0.708222
v 0.576491 -0.178415 -0.708222
v 0.793472 0.720844 -0.555572
v 0.809017 0.200000 -0.555572
v 0.747434 1.221671 -0.555572
v 0.672673 1.683237 -0.555572
v 0.572061 2.087803 -0.555572
v 0.449466 2.419821 -0.555572
v 0.309597 2.666533 -0.555572
v 0.157831 2.818457 -0.555572
v 0.000000 2.869756 -0.555572
v -0.157831 2.818457 -0.555572
v -0.309597 2.666533 -0.555572
v -0.449466 2.419821 -0.555572
v -0.572061 2.087803 -0.555572
v -0.672673 1.683237 -0.555572
v -0.747434 1.221671 -0.555572
v -0.793472 0.720844 -0.555572
v -0.809017 0.200000 -0.555572
v -0.793472 -0.320844 -0.555572
v -0.747434 -0.821671 -0.555572
v -0.672673 -1.283237 -0.555572
v -0.572061 -1.687803 -0.555572
v -0.449466 -2.019821 -0.555572
v -0.309597 -2.266533 -0.555572
v -0.157831 -2.418457 -0.555572
v -0.000000 -2.469756 -0.555572
v 0.157831 -2.418457 -0.555572
v 0.309597 -2.266533 -0.555572
v 0.449466 -2.019821 -0.555572
v 0.572061 -1.687803 -0.555572
v 0.672673 -1.283237 -0.555572
v 0.747434 -0.821671 -0.555572
v 0.793472 -0.320844 -0.555572
v 0.932782 0.812288 -0.363222
v 0.951057 0.200000 -0.363222
v 0.878662 1.401047 -0.363222
v 0.790775 1.943650 -0.363222
v 0.672499 2.419245 -0.363222
v 0.528379 2.809556 -0.363222
v 0.363954 3.099583 -0.363222
v 0.185542 3.278181 -0.363222
v 0.000000 3.338487 -0.363222
v -0.185542 3.278181 -0.363222
v -0.363954 3.099583 -0.363222
v -0.528379 2.809556 -0.363222
v -0.672499 2.419245 -0.363222
v -0.790775 1.943650 -0.363222
v -0.878662 1.401047 -0.363222
v -0.932782 0.812288 -0.363222
v -0.951057 0.200000 -0.363222
v -0.932782 -0.412288 -0.363222
v -0.878662 -1.001047 -0.363222
v -0.790775 -1.543650 -0.363222
v -0.672499 -2.019245 -0.363222
v -0.528379 -2.409556 -0.363222
v -0.363954 -2.699583 -0.363222
v -0.185542 -2.878181 -0.363222
v -0.000000 -2.938487 -0.363222
v 0.185542 -2.878181 -0.363222
v 0.363954 -2.699583 -0.363222
v 0.528379 -2.409556 -0.363222
v 0.672499 -2.019245 -0.363222
v 0.790775 -1.543650 -0.363222
v 0.878662 -1.001047 -0.363222
v 0.932782 -0.412288 -0.363222
v 0.980785 0.843798 -0.150000
v 1.000000 0.200000 -0.150000
v 0.923880 1.462855 -0.150000
v 0.831470 2.033382 -0.150000
v 0.707107 2.533452 -0.150000
v 0.555570 2.943850 -0.150000
v 0.382683 3.248802 -0.150000
v 0.195090 3.436591 -0.150000
v 0.000000 3.500000 -0.150000
v -0.195090 3.436591 -0.150000
v -0.382683 3.248802 -0.150000
v -0.555570 2.943850 -0.150000
v -0.707107 2.533452 -0.150000
v -0.831470 2.033382 -0.150000
v -0.923880 1.462855 -0.150000
v -0.980785 0.843798 -0.150000
v -1.000000 0.200000 -0.150000
v -0.980785 -0.443798 -0.150000
v -0.923880 -1.062855 -0.150000
v -0.831470 -1.633382 -0.150000
v -0.707107 -2.133452 -0.150000
v -0.555570 -2.543850 -0.150000
v -0.382683 -2.848802 -0.150000
v -0.195090 -3.036591 -0.150000
v -0.000000 -3.100000 -0.150000
v 0.195090 -3.036591 -0.150000
v 0.382683 -2.848802 -0.150000
v 0.555570 -2.543850 -0.150000
v 0.707107 -2.133452 -0.150000
v 0.831470 -1.633382 -0.150000
v 0.923880 -1.062855 -0.150000
v 0.980785 -0.443798 -0.150000
v 0.932782 0.812288 0.063222
v 0.951057 0.200000 0.063222
v 0.878662 1.401047 0.063222
v 0.790775 1.943650 0.063222
v 0.672499 2.419245 0.063222
v 0.528379 2.809556 0.063222
v 0.363954 3.099583 0.063222
v 0.185542 3.278181 0.063222
v 0.000000 3.338487 0.063222
v -0.185542 3.278181 0.063222
v -0.363954 3.099583 0.063222
v -0.528379 2.809556 0.063222
v -0.672499 2.419245 0.063222
v -0.790775 1.943650 0.063222
v -0.878662 1.401047 0.063222
v -0.932782 0.812288 0.063222
v -0.951057 0.200000 0.063222
v -0.932782 -0.412288 0.063222
v -0.878662 -1.001047 0.063222
v -0.790775 -1.543650 0.063222
v -0.672499 -2.019245 0.063222
v -0.528379 -2.409556 0.063222
v -0.363954 -2.699583 0.063222
v -0.185542 -2.878181 0.063222
v -0.000000 -2.938487 0.063222
v 0.185542 -2.878181 0.063222
v 0.363954 -2.699583 0.063222
v 0.528379 -2.409556 0.063222
v 0.672499 -2.019245 0.063222
v 0.790775 -1.543650 0.063222
v 0.878662 -1.001047 0.063222
v 0.932782 -0.412288 0.063222
v 0.793472 0.720844 0.255572
v 0.809017 0.200000 0.255572
v 0.747434 1.221671 0.255572
v 0.672673 1.683237 0.255572
v 0.572061 2.087803 0.255572
v 0.449466 2.419821 0.255572
v 0.309597 2.666533 0.255572
v 0.157831 2.818457 0.255572
v 0.000000 2.869756 0.255572
v -0.157831 2.818457 0.255572
v -0.309597 2.666533 0.255572
v -0.449466 2.419821 0.255572
v -0.572061 2.087803 0.255572
v -0.672673 1.683237 0.255572
v -0.747434 1.221671 0.255572
v -0.793472 0.720844 0.255572
v -0.809017 0.200000 0.255572
v -0.793472 -0.320844 0.255572
v -0.747434 -0.821671 0.255572
v -0.672673 -1.283237 0.255572
v -0.572061 -1.687803 0.255572
v -0.449466 -2.019821 0.255572
v -0.309597 -2.266533 0.255572
v -0.157831 -2.418457 0.255572
v -0.000000 -2.469756 0.255572
v 0.157831 -2.418457 0.255572
v 0.309597 -2.266533 0.255572
v 0.449466 -2.019821 0.255572
v 0.572061 -1.687803 0.255572
v 0.672673 -1.283237 0.255572
v 0.747434 -0.821671 0.255572
v 0.793472 -0.320844 0.255572
v 0.576491 0.578415 0.408222
v 0.587785 0.200000 0.408222
v 0.543043 0.942288 0.408222
v 0.488726 1.277635 0.408222
v 0.415627 1.571569 0.408222
v 0.326556 1.812794 0.408222
v 0.224936 1.992041 0.408222
v 0.114671 2.102421 0.408222
v 0.000000 2.139691 0.408222
v -0.114671 2.102421 0.408222
v -0.224936 1.992041 0.408222
v -0.326556 1.812794 0.408222
v -0.415627 1.571569 0.408222
v -0.488726 1.277635 0.408222
v -0.543043 0.942288 0.408222
v -0.576491 0.578415 0.408222
v -0.587785 0.200000 0.408222
v -0.576491 -0.178415 0.408222
v -0.543043 -0.542288 0.408222
v -0.488726 -0.877635 0.408222
v -0.415627 -1.171569 0.408222
v -0.326556 -1.412794 0.408222
v -0.224936 -1.592041 0.408222
v -0.114671 -1.702421 0.408222
v -0.000000 -1.739691 0.408222
v 0.114671 -1.702421 0.408222
v 0.224936 -1.592041 0.408222
v 0.326556 -1.412794 0.408222
v 0.415627 -1.171569 0.408222
v 0.488726 -0.877635 0.408222
v 0.543043 -0.542288 0.408222
v 0.576491 -0.178415 0.408222
v 0.303079 0.398945 0.506229
v 0.309017 0.200000 0.506229
v 0.285494 0.590244 0.506229
v 0.256938 0.766546 0.506229
v 0.218508 0.921076 0.506229
v 0.171681 1.047896 0.506229
v 0.118256 1.142132 0.506229
v 0.060286 1.200162 0.506229
v 0.000000 1.219756 0.506229
v -0.060286 1.200162 0.506229
v -0.118256 1.142132 0.506229
v -0.171681 1.047896 0.506229
v -0.218508 0.921076 0.506229
v -0.256938 0.766546 0.506229
v -0.285494 0.590244 0.506229
v -0.303079 0.398945 0.506229
v -0.309017 0.200000 0.506229
v -0.303079 0.001055 0.506229
v -0.285494 -0.190244 0.506229
v -0.256938 -0.366546 0.506229
v -0.218508 -0.521076 0.506229
v -0.171681 -0.647896 0.506229
v -0.118256 -0.742132 0.506229
v -0.060286 -0.800162 0.506229
v -0.000000 -0.819756 0.506229
v 0.060286 -0.800162 0.506229
v 0.118256 -0.742132 0.506229
v 0.171681 -0.647896 0.506229
v 0.218508 -0.521076 0.506229
v 0.256938 -0.366546 0.506229
v 0.285494 -0.190244 0.506229
v 0.303079 0.001055 0.506229
v 0.000000 0.200000 0.540000
v 0.000000 -0.700000 -0.210000
v 0.215186 -0.576413 -0.177208
v 0.219402 -0.700000 -0.177208
v 0.202701 -0.457576 -0.177208
v 0.182426 -0.348055 -0.177208
v 0.155141 -0.252059 -0.177208
v 0.121893 -0.173277 -0.177208
v 0.083962 -0.114736 -0.177208
v 0.042803 -0.078687 -0.177208
v 0.000000 -0.066515 -0.177208
v -0.042803 -0.078687 -0.177208
v -0.083962 -0.114736 -0.177208
v -0.121893 -0.173277 -0.177208
v -0.155141 -0.252059 -0.177208
v -0.182426 -0.348055 -0.177208
v -0.202701 -0.457576 -0.177208
v -0.215186 -0.576413 -0.177208
v -0.219402 -0.700000 -0.177208
v -0.215186 -0.823587 -0.177208
v -0.202701 -0.942424 -0.177208
v -0.182426 -1.051945 -0.177208
v -0.155141 -1.147941 -0.177208
v -0.121893 -1.226723 -0.177208
v -0.083962 -1.285264 -0.177208
v -0.042803 -1.321313 -0.177208
v -0.000000 -1.333485 -0.177208
v 0.042803 -1.321313 -0.177208
v 0.083962 -1.285264 -0.177208
v 0.121893 -1.226723 -0.177208
v 0.155141 -1.147941 -0.177208
v 0.182426 -1.051945 -0.177208
v 0.202701 -0.942424 -0.177208
v 0.215186 -0.823587 -0.177208
v 0.409309 -0.464924 -0.082041
v 0.417328 -0.700000 -0.082041
v 0.385560 -0.238882 -0.082041
v 0.346995 -0.030560 -0.082041
v 0.295095 0.152035 -0.082041
v 0.231855 0.301887 -0.082041
v 0.159704 0.413238 -0.082041
v 0.081417 0.481807 -0.082041
v 0.000000 0.504960 -0.082041
v -0.081417 0.481807 -0.082041
v -0.159704 0.413238 -0.082041
v -0.231855 0.301887 -0.082041
v -0.295095 0.152035 -0.082041
v -0.346995 -0.030560 -0.082041
v -0.385560 -0.238882 -0.082041
v -0.409309 -0.464924 -0.082041
v -0.417328 -0.700000 -0.082041
v -0.409309 -0.935076 -0.082041
v -0.385560 -1.161118 -0.082041
v -0.346995 -1.369440 -0.082041
v -0.295095 -1.552035 -0.082041
v -0.231855 -1.701887 -0.082041
v -0.159704 -1.813238 -0.082041
v -0.081417 -1.881807 -0.082041
v -0.000000 -1.904960 -0.082041
v 0.081417 -1.881807 -0.082041
v 0.159704 -1.813238 -0.082041
v 0.231855 -1.701887 -0.082041
v 0.295095 -1.552035 -0.082041
v 0.346995 -1.369440 -0.082041
v 0.385560 -1.161118 -0.082041
v 0.409309 -0.935076 -0.082041
v 0.563365 -0.376446 0.066184
v 0.574402 -0.700000 0.066184
v 0.530678 -0.065325 0.066184
v 0.477598 0.221405 0.066184
v 0.406164 0.472726 0.066184
v 0.319121 0.678980 0.066184
v 0.219814 0.832240 0.066184
v 0.112060 0.926618 0.066184
v 0.000000 0.958485 0.066184
v -0.112060 0.926618 0.066184
v -0.219814 0.832240 0.066184
v -0.319121 0.678980 0.066184
v -0.406164 0.472726 0.066184
v -0.477598 0.221405 0.066184
v -0.530678 -0.065325 0.066184
v -0.563365 -0.376446 0.066184
v -0.574402 -0.700000 0.066184
v -0.563365 -1.023554 0.066184
v -0.530678 -1.334675 0.066184
v -0.477598 -1.621405 0.066184
v -0.406164 -1.872726 0.066184
v -0.319121 -2.078980 0.066184
v -0.219814 -2.232240 0.066184
v -0.112060 -2.326618 0.066184
v -0.000000 -2.358485 0.066184
v 0.112060 -2.326618 0.066184
v 0.219814 -2.232240 0.066184
v 0.319121 -2.078980 0.066184
v 0.406164 -1.872726 0.066184
v 0.477598 -1.621405 0.066184
v 0.530678 -1.334675 0.066184
v 0.563365 -1.023554 0.066184
v 0.662275 -0.319639 0.252959
v 0.675250 -0.700000 0.252959
v 0.623850 0.046105 0.252959
v 0.561450 0.383176 0.252959
v 0.477474 0.678622 0.252959
v 0.375149 0.921088 0.252959
v 0.258407 1.101256 0.252959
v 0.131735 1.212204 0.252959
v 0.000000 1.249666 0.252959
v -0.131735 1.212204 0.252959
v -0.258407 1.101256 0.252959
v -0.375149 0.921088 0.252959
v -0.477474 0.678622 0.252959
v -0.561450 0.383176 0.252959
v -0.623850 0.046105 0.252959
v -0.662275 -0.319639 0.252959
v -0.675250 -0.700000 0.252959
v -0.662275 -1.080361 0.252959
v -0.623850 -1.446105 0.252959
v -0.561450 -1.783176 0.252959
v -0.477474 -2.078622 0.252959
v -0.375149 -2.321088 0.252959
v -0.258407 -2.501256 0.252959
v -0.131735 -2.612204 0.252959
v -0.000000 -2.649666 0.252959
v 0.131735 -2.612204 0.252959
v 0.258407 -2.501256 0.252959
v 0.375149 -2.321088 0.252959
v 0.477474 -2.078622 0.252959
v 0.561450 -1.783176 0.252959
v 0.623850 -1.446105 0.252959
v 0.662275 -1.080361 0.252959
v 0.696358 -0.300065 0.460000
v 0.710000 -0.700000 0.460000
v 0.655954 0.084501 0.460000
v 0.590343 0.438919 0.460000
v 0.502046 0.749569 0.460000
v 0.394455 1.004513 0.460000
v 0.271705 1.193953 0.460000
v 0.138514 1.310610 0.460000
v 0.000000 1.350000 0.460000
v -0.138514 1.310610 0.460000
v -0.271705 1.193953 0.460000
v -0.394455 1.004513 0.460000
v -0.502046 0.749569 0.460000
v -0.590343 0.438919 0.460000
v -0.655954 0.084501 0.460000
v -0.696358 -0.300065 0.460000
v -0.710000 -0.700000 0.460000
v -0.696358 -1.099935 0.460000
v -0.655954 -1.484501 0.460000
v -0.590343 -1.838919 0.460000
v -0.502046 -2.149569 0.460000
v -0.394455 -2.404513 0.460000
v -0.271705 -2.593953 0.460000
v -0.138514 -2.710610 0.460000
v -0.000000 -2.750000 0.460000
v 0.138514 -2.710610 0.460000
v 0.271705 -2.593953 0.460000
v 0.394455 -2.404513 0.460000
v 0.502046 -2.149569 0.460000
v 0.590343 -1.838919 0.460000
v 0.655954 -1.484501 0.460000
v 0.696358 -1.099935 0.460000
v 0.662275 -0.319639 0.667041
v 0.675250 -0.700000 0.667041
v 0.623850 0.046105 0.667041
v 0.561450 0.383176 0.667041
v 0.477474 0.678622 0.667041
v 0.375149 0.921088 0.667041
v 0.258407 1.101256 0.667041
v 0.131735 1.212204 0.667041
v 0.000000 1.249666 0.667041
v -0.131735 1.212204 0.667041
v -0.258407 1.101256 0.667041
v -0.375149 0.921088 0.667041
v -0.477474 0.678622 0.667041
v -0.561450 0.383176 0.667041
v -0.623850 0.046105 0.667041
v -0.662275 -0.319639 0.667041
v -0.675250 -0.700000 0.667041
v -0.662275 -1.080361 0.667041
v -0.623850 -1.446105 0.667041
v -0.561450 -1.783176 0.667041
v -0.477474 -2.078622 0.667041
v -0.375149 -2.321088 0.667041
v -0.258407 -2.501256 0.667041
v -0.131735 -2.612204 0.667041
v -0.000000 -2.649666 0.667041
v 0.131735 -2.612204 0.667041
v 0.258407 -2.501256 0.667041
v 0.375149 -2.321088 0.667041
v 0.477474 -2.078622 0.667041
v 0.561450 -1.783176 0.667041
v 0.623850 -1.446105 0.667041
v 0.662275 -1.080361 0.667041
v 0.563365 -0.376446 0.853816
v 0.574402 -0.700000 0.853816
v 0.530678 -0.065325 0.853816
v 0.477598 0.221405 0.853816
v 0.406164 0.472726 0.853816
v 0.319121 0.678980 0.853816
v 0.219814 0.832240 0.853816
v 0.112060 0.926618 0.853816
v 0.000000 0.958485 0.853816
v -0.112060 0.926618 0.853816
v -0.219814 0.832240 0.853816
v -0.319121 0.678980 0.853816
v -0.406164 0.472726 0.853816
v -0.477598 0.221405 0.853816
v -0.530678 -0.065325 0.853816
v -0.563365 -0.376446 0.853816
v -0.574402 -0.700000 0.853816
v -0.563365 -1.023554 0.853816
v -0.530678 -1.334675 0.853816
v -0.477598 -1.621405 0.853816
v -0.406164 -1.872726 0.853816
v -0.319121 -2.078980 0.853816
v -0.219814 -2.232240 0.853816
v -0.112060 -2.326618 0.853816
v -0.000000 -2.358485 0.853816
v 0.112060 -2.326618 0.853816
v 0.219814 -2.232240 0.853816
v 0.319121 -2.078980 0.853816
v 0.406164 -1.872726 0.853816
v 0.477598 -1.621405 0.853816
v 0.530678 -1.334675 0.853816
v 0.563365 -1.023554 0.853816
v 0.409309 -0.464924 1.002041
v 0.417328 -0.700000 1.002041
v 0.385560 -0.238882 1.002041
v 0.346995 -0.030560 1.002041
v 0.295095 0.152035 1.002041
v 0.231855 0.301887 1.002041
v 0.159704 0.413238 1.002041
v 0.081417 0.481807 1.002041
v 0.000000 0.504960 1.002041
v -0.081417 0.481807 1.002041
v -0.159704 0.413238 1.002041
v -0.231855 0.301887 1.002041
v -0.295095 0.152035 1.002041
v -0.346995 -0.030560 1.002041
v -0.385560 -0.238882 1.002041
v -0.409309 -0.464924 1.002041
v -0.417328 -0.700000 1.002041
v -0.409309 -0.935076 1.002041
v -0.385560 -1.161118 1.002041
v -0.346995 -1.369440 1.002041
v -0.295095 -1.552035 1.002041
v -0.231855 -1.701887 1.002041
v -0.159704 -1.813238 1.002041
v -0.081417 -1.881807 1.002041
v -0.000000 -1.904960 1.002041
v 0.081417 -1.881807 1.002041
v 0.159704 -1.813238 1.002041
v 0.231855 -1.701887 1.002041
v 0.295095 -1.552035 1.002041
v 0.346995 -1.369440 1.002041
v 0.385560 -1.161118 1.002041
v 0.409309 -0.935076 1.002041
v 0.215186 -0.576413 1.097208
v 0.219402 -0.700000 1.097208
v 0.202701 -0.457576 1.097208
v 0.182426 -0.348055 1.097208
v 0.155141 -0.252059 1.097208
v 0.121893 -0.173277 1.097208
v 0.083962 -0.114736 1.097208
v 0.042803 -0.078687 1.097208
v 0.000000 -0.066515 1.097208
v -0.042803 -0.078687 1.097208
v -0.083962 -0.114736 1.097208
v -0.121893 -0.173277 1.097208
v -0.155141 -0.252059 1.097208
v -0.182426 -0.348055 1.097208
v -0.202701 -0.457576 1.097208
v -0.215186 -0.576413 1.097208
v -0.219402 -0.700000 1.097208
v -0.215186 -0.823587 1.097208
v -0.202701 -0.942424 1.097208
v -0.182426 -1.051945 1.097208
v -0.155141 -1.147941 1.097208
v -0.121893 -1.226723 1.097208
v -0.083962 -1.285264 1.097208
v -0.042803 -1.321313 1.097208
v -0.000000 -1.333485 1.097208
v 0.042803 -1.321313 1.097208
v 0.083962 -1.285264 1.097208
v 0.121893 -1.226723 1.097208
v 0.155141 -1.147941 1.097208
v 0.182426 -1.051945 1.097208
v 0.202701 -0.942424 1.097208
v 0.215186 -0.823587 1.097208
v 0.000000 -0.700000 1.130000
v 0.000000 -1.350000 0.180000
v 0.151540 -1.280068 0.212792
v 0.154508 -1.350000 0.212792
v 0.142747 -1.212823 0.212792
v 0.128469 -1.150850 0.212792
v 0.109254 -1.096531 0.212792
v 0.085840 -1.051952 0.212792
v 0.059128 -1.018826 0.212792
v 0.030143 -0.998428 0.212792
v 0.000000 -0.991540 0.212792
v -0.030143 -0.998428 0.212792
v -0.059128 -1.018826 0.212792
v -0.085840 -1.051952 0.212792
v -0.109254 -1.096531 0.212792
v -0.128469 -1.150850 0.212792
v -0.142747 -1.212823 0.212792
v -0.151540 -1.280068 0.212792
v -0.154508 -1.350000 0.212792
v -0.151540 -1.419932 0.212792
v -0.142747 -1.487177 0.212792
v -0.128469 -1.549150 0.212792
v -0.109254 -1.603469 0.212792
v -0.085840 -1.648048 0.212792
v -0.059128 -1.681174 0.212792
v -0.030143 -1.701572 0.212792
v -0.000000 -1.708460 0.212792
v 0.030143 -1.701572 0.212792
v 0.059128 -1.681174 0.212792
v 0.085840 -1.648048 0.212792
v 0.109254 -1.603469 0.212792
v 0.128469 -1.549150 0.212792
v 0.142747 -1.487177 0.212792
v 0.151540 -1.419932 0.212792
v 0.288246 -1.216981 0.307959
v 0.293893 -1.350000 0.307959
v 0.271521 -1.089075 0.307959
v 0.244363 -0.971195 0.307959
v 0.207813 -0.867873 0.307959
v 0.163278 -0.783078 0.307959
v 0.112468 -0.720070 0.307959
v 0.057336 -0.681270 0.307959
v 0.000000 -0.668169 0.307959
v -0.057336 -0.681270 0.307959
v -0.112468 -0.720070 0.307959
v -0.163278 -0.783078 0.307959
v -0.207813 -0.867873 0.307959
v -0.244363 -0.971195 0.307959
v -0.271521 -1.089075 0.307959
v -0.288246 -1.216981 0.307959
v -0.293893 -1.350000 0.307959
v -0.288246 -1.483019 0.307959
v -0.271521 -1.610925 0.307959
v -0.244363 -1.728805 0.307959
v -0.207813 -1.832127 0.307959
v -0.163278 -1.916922 0.307959
v -0.112468 -1.979930 0.307959
v -0.057336 -2.018730 0.307959
v -0.000000 -2.031831 0.307959
v 0.057336 -2.018730 0.307959
v 0.112468 -1.979930 0.307959
v 0.163278 -1.916922 0.307959
v 0.207813 -1.832127 0.307959
v 0.244363 -1.728805 0.307959
v 0.271521 -1.610925 0.307959
v 0.288246 -1.483019 0.307959
v 0.396736 -1.166916 0.456184
v 0.404508 -1.350000 0.456184
v 0.373717 -0.990867 0.456184
v 0.336337 -0.828620 0.456184
v 0.286031 -0.686409 0.456184
v 0.224733 -0.569699 0.456184
v 0.154799 -0.482976 0.456184
v 0.078916 -0.429573 0.456184
v 0.000000 -0.411540 0.456184
v -0.078916 -0.429573 0.456184
v -0.154799 -0.482976 0.456184
v -0.224733 -0.569699 0.456184
v -0.286031 -0.686409 0.456184
v -0.336337 -0.828620 0.456184
v -0.373717 -0.990867 0.456184
v -0.396736 -1.166916 0.456184
v -0.404508 -1.350000 0.456184
v -0.396736 -1.533084 0.456184
v -0.373717 -1.709133 0.456184
v -0.336337 -1.871380 0.456184
v -0.286031 -2.013591 0.456184
v -0.224733 -2.130301 0.456184
v -0.154799 -2.217024 0.456184
v -0.078916 -2.270427 0.456184
v -0.000000 -2.288460 0.456184
v 0.078916 -2.270427 0.456184
v 0.154799 -2.217024 0.456184
v 0.224733 -2.130301 0.456184
v 0.286031 -2.013591 0.456184
v 0.336337 -1.871380 0.456184
v 0.373717 -1.709133 0.456184
v 0.396736 -1.533084 0.456184
v 0.466391 -1.134771 0.642959
v 0.475528 -1.350000 0.642959
v 0.439331 -0.927814 0.642959
v 0.395387 -0.737081 0.642959
v 0.336249 -0.569902 0.642959
v 0.264189 -0.432701 0.642959
v 0.181977 -0.330752 0.642959
v 0.092771 -0.267973 0.642959
v 0.000000 -0.246774 0.642959
v -0.092771 -0.267973 0.642959
v -0.181977 -0.330752 0.642959
v -0.264189 -0.432701 0.642959
v -0.336249 -0.569902 0.642959
v -0.395387 -0.737081 0.642959
v -0.439331 -0.927814 0.642959
v -0.466391 -1.134771 0.642959
v -0.475528 -1.350000 0.642959
v -0.466391 -1.565229 0.642959
v -0.439331 -1.772186 0.642959
v -0.395387 -1.962919 0.642959
v -0.336249 -2.130098 0.642959
v -0.264189 -2.267299 0.642959
v -0.181977 -2.369248 0.642959
v -0.092771 -2.432027 0.642959
v -0.000000 -2.453226 0.642959
v 0.092771 -2.432027 0.642959
v 0.181977 -2.369248 0.642959
v 0.264189 -2.267299 0.642959
v 0.336249 -2.130098 0.642959
v 0.395387 -1.962919 0.642959
v 0.439331 -1.772186 0.642959
v 0.466391 -1.565229 0.642959
v 0.490393 -1.123695 0.850000
v 0.500000 -1.350000 0.850000
v 0.461940 -0.906087 0.850000
v 0.415735 -0.705539 0.850000
v 0.353553 -0.529756 0.850000
v 0.277785 -0.385495 0.850000
v 0.191342 -0.278300 0.850000
v 0.097545 -0.212289 0.850000
v 0.000000 -0.190000 0.850000
v -0.097545 -0.212289 0.850000
v -0.191342 -0.278300 0.850000
v -0.277785 -0.385495 0.850000
v -0.353553 -0.529756 0.850000
v -0.415735 -0.705539 0.850000
v -0.461940 -0.906087 0.850000
v -0.490393 -1.123695 0.850000
v -0.500000 -1.350000 0.850000
v -0.490393 -1.576305 0.850000
v -0.461940 -1.793913 0.850000
v -0.415735 -1.994461 0.850000
v -0.353553 -2.170244 0.850000
v -0.277785 -2.314505 0.850000
v -0.191342 -2.421700 0.850000
v -0.097545 -2.487711 0.850000
v -0.000000 -2.510000 0.850000
v 0.097545 -2.487711 0.850000
v 0.191342 -2.421700 0.850000
v 0.277785 -2.314505 0.850000
v 0.353553 -2.170244 0.850000
v 0.415735 -1.994461 0.850000
v 0.461940 -1.793913 0.850000
v 0.490393 -1.576305 0.850000
v 0.466391 -1.134771 1.057041
v 0.475528 -1.350000 1.057041
v 0.439331 -0.927814 1.057041
v 0.395387 -0.737081 1.057041
v 0.336249 -0.569902 1.057041
v 0.264189 -0.432701 1.057041
v 0.181977 -0.330752 1.057041
v 0.092771 -0.267973 1.057041
v 0.000000 -0.246774 1.057041
v -0.092771 -0.267973 1.057041
v -0.181977 -0.330752 1.057041
v -0.264189 -0.432701 1.057041
v -0.336249 -0.569902 1.057041
v -0.395387 -0.737081 1.057041
v -0.439331 -0.927814 1.057041
v -0.466391 -1.134771 1.057041
v -0.475528 -1.350000 1.057041
v -0.466391 -1.565229 1.057041
v -0.439331 -1.772186 1.057041
v -0.395387 -1.962919 1.057041
v -0.336249 -2.130098 1.057041
v -0.264189 -2.267299 1.057041
v -0.181977 -2.369248 1.057041
v -0.092771 -2.432027 1.057041
v -0.000000 -2.453226 1.057041
v 0.092771 -2.432027 1.057041
v 0.181977 -2.369248 1.057041
v 0.264189 -2.267299 1.057041
v 0.336249 -2.130098 1.057041
v 0.395387 -1.962919 1.057041
v 0.439331 -1.772186 1.057041
v 0.466391 -1.565229 1.057041
v 0.396736 -1.166916 1.243816
v 0.404508 -1.350000 1.243816
v 0.373717 -0.990867 1.243816
v 0.336337 -0.828620 1.243816
v 0.286031 -0.686409 1.243816
v 0.224733 -0.569699 1.243816
v 0.154799 -0.482976 1.243816
v 0.078916 -0.429573 1.243816
v 0.000000 -0.411540 1.243816
v -0.078916 -0.429573 1.243816
v -0.154799 -0.482976 1.243816
v -0.224733 -0.569699 1.243816
v -0.286031 -0.686409 1.243816
v -0.336337 -0.828620 1.243816
v -0.373717 -0.990867 1.243816
v -0.396736 -1.166916 1.243816
v -0.404508 -1.350000 1.243816
v -0.396736 -1.533084 1.243816
v -0.373717 -1.709133 1.243816
v -0.336337 -1.871380 1.243816
v -0.286031 -2.013591 1.243816
v -0.224733 -2.130301 1.243816
v -0.154799 -2.217024 1.243816
v -0.078916 -2.270427 1.243816
v -0.000000 -2.288460 1.243816
v 0.078916 -2.270427 1.243816
v 0.154799 -2.217024 1.243816
v 0.224733 -2.130301 1.243816
v 0.286031 -2.013591 1.243816
v 0.336337 -1.871380 1.243816
v 0.373717 -1.709133 1.243816
v 0.396736 -1.533084 1.243816
v 0.288246 -1.216981 1.392041
v 0.293893 -1.350000 1.392041
v 0.271521 -1.089075 1.392041
v 0.244363 -0.971195 1.392041
v 0.207813 -0.867873 1.392041
v 0.163278 -0.783078 1.392041
v 0.112468 -0.720070 1.392041
v 0.057336 -0.681270 1.392041
v 0.000000 -0.668169 1.392041
v -0.057336 -0.681270 1.392041
v -0.112468 -0.720070 1.392041
v -0.163278 -0.783078 1.392041
v -0.207813 -0.867873 1.392041
v -0.244363 -0.971195 1.392041
v -0.271521 -1.089075 1.392041
v -0.288246 -1.216981 1.392041
v -0.293893 -1.350000 1.392041
v -0.288246 -1.483019 1.392041
v -0.271521 -1.610925 1.392041
v -0.244363 -1.728805 1.392041
v -0.207813 -1.832127 1.392041
v -0.163278 -1.916922 1.392041
v -0.112468 -1.979930 1.392041
v -0.057336 -2.018730 1.392041
v -0.000000 -2.031831 1.392041
v 0.057336 -2.018730 1.392041
v 0.112468 -1.979930 1.392041
v 0.163278 -1.916922 1.392041
v 0.207813 -1.832127 1.392041
v 0.244363 -1.728805 1.392041
v 0.271521 -1.610925 1.392041
v 0.288246 -1.483019 1.392041
v 0.151540 -1.280068 1.487208
v 0.154508 -1.350000 1.487208
v 0.142747 -1.212823 1.487208
v 0.128469 -1.150850 1.487208
v 0.109254 -1.096531 1.487208
v 0.085840 -1.051952 1.487208
v 0.059128 -1.018826 1.487208
v 0.030143 -0.998428 1.487208
v 0.000000 -0.991540 1.487208
v -0.030143 -0.998428 1.487208
v -0.059128 -1.018826 1.487208
v -0.085840 -1.051952 1.487208
v -0.109254 -1.096531 1.487208
v -0.128469 -1.150850 1.487208
v -0.142747 -1.212823 1.487208
v -0.151540 -1.280068 1.487208
v -0.154508 -1.350000 1.487208
v -0.151540 -1.419932 1.487208
v -0.142747 -1.487177 1.487208
v -0.128469 -1.549150 1.487208
v -0.109254 -1.603469 1.487208
v -0.085840 -1.648048 1.487208
v -0.059128 -1.681174 1.487208
v -0.030143 -1.701572 1.487208
v -0.000000 -1.708460 1.487208
v 0.030143 -1.701572 1.487208
v 0.059128 -1.681174 1.487208
v 0.085840 -1.648048 1.487208
v 0.109254 -1.603469 1.487208
v 0.128469 -1.549150 1.487208
v 0.142747 -1.487177 1.487208
v 0.151540 -1.419932 1.487208
v 0.000000 -1.350000 1.520000
v -0.925000 0.200000 -0.155000
v -0.876004 0.833199 -0.130104
v -0.871967 0.200000 -0.130104
v -0.887500 1.370000 -0.130104
v -0.904705 1.728679 -0.130104
v -0.925000 1.854630 -0.130104
v -0.945295 1.728679 -0.130104
v -0.962500 1.370000 -0.130104
v -0.973996 0.833199 -0.130104
v -0.978033 0.200000 -0.130104
v -0.973996 -0.433199 -0.130104
v -0.962500 -0.970000 -0.130104
v -0.945295 -1.328679 -0.130104
v -0.925000 -1.454630 -0.130104
v -0.904705 -1.328679 -0.130104
v -0.887500 -0.970000 -0.130104
v -0.876004 -0.433199 -0.130104
v -0.855709 1.095479 -0.070000
v -0.850000 0.200000 -0.070000
v -0.871967 1.854630 -0.070000
v -0.896299 2.361878 -0.070000
v -0.925000 2.540000 -0.070000
v -0.953701 2.361878 -0.070000
v -0.978033 1.854630 -0.070000
v -0.994291 1.095479 -0.070000
v -1.000000 0.200000 -0.070000
v -0.994291 -0.695479 -0.070000
v -0.978033 -1.454630 -0.070000
v -0.953701 -1.961878 -0.070000
v -0.925000 -2.140000 -0.070000
v -0.896299 -1.961878 -0.070000
v -0.871967 -1.454630 -0.070000
v -0.855709 -0.695479 -0.070000
v -0.876004 0.833199 -0.009896
v -0.871967 0.200000 -0.009896
v -0.887500 1.370000 -0.009896
v -0.904705 1.728679 -0.009896
v -0.925000 1.854630 -0.009896
v -0.945295 1.728679 -0.009896
v -0.962500 1.370000 -0.009896
v -0.973996 0.833199 -0.009896
v -0.978033 0.200000 -0.009896
v -0.973996 -0.433199 -0.009896
v -0.962500 -0.970000 -0.009896
v -0.945295 -1.328679 -0.009896
v -0.925000 -1.454630 -0.009896
v -0.904705 -1.328679 -0.009896
v -0.887500 -0.970000 -0.009896
v -0.876004 -0.433199 -0.009896
v -0.925000 0.200000 0.015000
v 0.925000 0.200000 -0.155000
v 0.973996 0.833199 -0.130104
v 0.978033 0.200000 -0.130104
v 0.962500 1.370000 -0.130104
v 0.945295 1.728679 -0.130104
v 0.925000 1.854630 -0.130104
v 0.904705 1.728679 -0.130104
v 0.887500 1.370000 -0.130104
v 0.876004 0.833199 -0.130104
v 0.871967 0.200000 -0.130104
v 0.876004 -0.433199 -0.130104
v 0.887500 -0.970000 -0.130104
v 0.904705 -1.328679 -0.130104
v 0.925000 -1.454630 -0.130104
v 0.945295 -1.328679 -0.130104
v 0.962500 -0.970000 -0.130104
v 0.973996 -0.433199 -0.130104
v 0.994291 1.095479 -0.070000
v 1.000000 0.200000 -0.070000
v 0.978033 1.854630 -0.070000
v 0.953701 2.361878 -0.070000
v 0.925000 2.540000 -0.070000
v 0.896299 2.361878 -0.070000
v 0.871967 1.854630 -0.070000
v 0.855709 1.095479 -0.070000
v 0.850000 0.200000 -0.070000
v 0.855709 -0.695479 -0.070000
v 0.871967 -1.454630 -0.070000
v 0.896299 -1.961878 -0.070000
v 0.925000 -2.140000 -0.070000
v 0.953701 -1.961878 -0.070000
v 0.978033 -1.454630 -0.070000
v 0.994291 -0.695479 -0.070000
v 0.973996 0.833199 -0.009896
v 0.978033 0.200000 -0.009896
v 0.962500 1.370000 -0.009896
v 0.945295 1.728679 -0.009896
v 0.925000 1.854630 -0.009896
v 0.904705 1.728679 -0.009896
v 0.887500 1.370000 -0.009896
v 0.876004 0.833199 -0.009896
v 0.871967 0.200000 -0.009896
v 0.876004 -0.433199 -0.009896
v 0.887500 -0.970000 -0.009896
v 0.904705 -1.328679 -0.009896
v 0.925000 -1.454630 -0.009896
v 0.945295 -1.328679 -0.009896
v 0.962500 -0.970000 -0.009896
v 0.973996 -0.433199 -0.009896
v 0.925000 0.200000 0.015000
v 0.000000 -1.140000 1.490000
v 0.029398 -0.912698 1.494393
v 0.031820 -1.140000 1.494393
v 0.022500 -0.720000 1.494393
v 0.012177 -0.591244 1.494393
v 0.000000 -0.546030 1.494393
v -0.012177 -0.591244 1.494393
v -0.022500 -0.720000 1.494393
v -0.029398 -0.912698 1.494393
v -0.031820 -1.140000 1.494393
v -0.029398 -1.367302 1.494393
v -0.022500 -1.560000 1.494393
v -0.012177 -1.688756 1.494393
v -0.000000 -1.733970 1.494393
v 0.012177 -1.688756 1.494393
v 0.022500 -1.560000 1.494393
v 0.029398 -1.367302 1.494393
v 0.041575 -0.818546 1.505000
v 0.045000 -1.140000 1.505000
v 0.031820 -0.546030 1.505000
v 0.017221 -0.363941 1.505000
v 0.000000 -0.300000 1.505000
v -0.017221 -0.363941 1.505000
v -0.031820 -0.546030 1.505000
v -0.041575 -0.818546 1.505000
v -0.045000 -1.140000 1.505000
v -0.041575 -1.461454 1.505000
v -0.031820 -1.733970 1.505000
v -0.017221 -1.916059 1.505000
v -0.000000 -1.980000 1.505000
v 0.017221 -1.916059 1.505000
v 0.031820 -1.733970 1.505000
v 0.041575 -1.461454 1.505000
v 0.029398 -0.912698 1.515607
v 0.031820 -1.140000 1.515607
v 0.022500 -0.720000 1.515607
v 0.012177 -0.591244 1.515607
v 0.000000 -0.546030 1.515607
v -0.012177 -0.591244 1.515607
v -0.022500 -0.720000 1.515607
v -0.029398 -0.912698 1.515607
v -0.031820 -1.140000 1.515607
v -0.029398 -1.367302 1.515607
v -0.022500 -1.560000 1.515607
v -0.012177 -1.688756 1.515607
v -0.000000 -1.733970 1.515607
v 0.012177 -1.688756 1.515607
v 0.022500 -1.560000 1.515607
v 0.029398 -1.367302 1.515607
v 0.000000 -1.140000 1.520000
vn -1.000000 0.000000 -0.000000
vn 1.000000 0.000000 0.000000
vn 0.000000 0.995185 0.098017
vn 0.000000 0.956940 0.290285
vn 0.000000 0.881921 0.471397
vn 0.000000 0.773010 0.634393
vn 0.000000 0.634393 0.773010
vn 0.000000 0.471397 0.881921
vn 0.000000 0.290285 0.956940
vn 0.000000 0.098017 0.995185
vn 0.000000 -0.098017 0.995185
vn 0.000000 -0.290285 0.956940
vn 0.000000 -0.471397 0.881921
vn 0.000000 -0.634393 0.773010
vn 0.000000 -0.773010 0.634393
vn 0.000000 -0.881921 0.471397
vn 0.000000 -0.956940 0.290285
vn 0.000000 -0.995185 0.098017
vn 0.000000 -0.995185 -0.098017
vn 0.000000 -0.956940 -0.290285
vn 0.000000 -0.881921 -0.471397
vn 0.000000 -0.773010 -0.634393
vn 0.000000 -0.634393 -0.773010
vn 0.000000 -0.471397 -0.881921
vn 0.000000 -0.290285 -0.956940
vn 0.000000 -0.098017 -0.995185
vn 0.000000 0.098017 -0.995185
vn 0.000000 0.290285 -0.956940
vn 0.000000 0.471397 -0.881921
vn 0.000000 0.634393 -0.773010
vn 0.000000 0.773010 -0.634393
vn 0.000000 0.881921 -0.471397
vn 0.000000 0.956940 -0.290285
vn 0.000000 0.995185 -0.098017
vn 0.108638 0.003242 -0.994076
vn 0.104505 0.009606 -0.994478
vn 0.096385 0.015612 -0.995222
vn 0.084564 0.021030 -0.996196
vn 0.069474 0.025653 -0.997254
vn 0.051675 0.029296 -0.998234
vn 0.031845 0.031812 -0.998986
vn 0.010757 0.033097 -0.999394
vn -0.010757 0.033097 -0.999394
vn -0.031845 0.031812 -0.998986
vn -0.051675 0.029296 -0.998234
vn -0.069474 0.025653 -0.997254
vn -0.084564 0.021030 -0.996196
vn -0.096385 0.015612 -0.995222
vn -0.104505 0.009606 -0.994478
vn -0.108638 0.003242 -0.994076
vn -0.108638 -0.003242 -0.994076
vn -0.104505 -0.009606 -0.994478
vn -0.096385 -0.015612 -0.995222
vn -0.084564 -0.021030 -0.996196
vn -0.069474 -0.025653 -0.997254
vn -0.051675 -0.029296 -0.998234
vn -0.031845 -0.031812 -0.998986
vn -0.010757 -0.033097 -0.999394
vn 0.010757 -0.033097 -0.999394
vn 0.031845 -0.031812 -0.998986
vn 0.051675 -0.029296 -0.998234
vn 0.069474 -0.025653 -0.997254
vn 0.084564 -0.021030 -0.996196
vn 0.096385 -0.015612 -0.995222
vn 0.104505 -0.009606 -0.994478
vn 0.108638 -0.003242 -0.994076
vn 0.331655 0.009899 -0.943349
vn 0.320118 0.029426 -0.946921
vn 0.297112 0.048124 -0.953629
vn 0.262874 0.065374 -0.962613
vn 0.217980 0.080488 -0.972629
vn 0.163562 0.092728 -0.982165
vn 0.101489 0.101383 -0.989657
vn 0.034412 0.105875 -0.993784
vn -0.034412 0.105875 -0.993784
vn -0.101489 0.101383 -0.989657
vn -0.163562 0.092728 -0.982165
vn -0.217980 0.080488 -0.972629
vn -0.262874 0.065374 -0.962613
vn -0.297112 0.048124 -0.953629
vn -0.320118 0.029426 -0.946921
vn -0.331655 0.009899 -0.943349
vn -0.331655 -0.009899 -0.943349
vn -0.320118 -0.029426 -0.946921
vn -0.297112 -0.048124 -0.953629
vn -0.262874 -0.065374 -0.962613
vn -0.217980 -0.080488 -0.972629
vn -0.163562 -0.092728 -0.982165
vn -0.101489 -0.101383 -0.989657
vn -0.034412 -0.105875 -0.993784
vn 0.034412 -0.105875 -0.993784
vn 0.101489 -0.101383 -0.989657
vn 0.163562 -0.092728 -0.982165
vn 0.217980 -0.080488 -0.972629
vn 0.262874 -0.065374 -0.962613
vn 0.297112 -0.048124 -0.953629
vn 0.320118 -0.029426 -0.946921
vn 0.331655 -0.009899 -0.943349
vn 0.567844 0.016948 -0.822962
vn 0.552150 0.050755 -0.832198
vn 0.519821 0.084197 -0.850116
vn 0.469162 0.116676 -0.875371
vn 0.398246 0.147050 -0.905415
vn 0.305956 0.173456 -0.936111
vn 0.193584 0.193383 -0.961836
vn 0.066374 0.204214 -0.976674
vn -0.066374 0.204214 -0.976674
vn -0.193584 0.193383 -0.961836
vn -0.305956 0.173456 -0.936111
vn -0.398246 0.147050 -0.905415
vn -0.469162 0.116676 -0.875371
vn -0.519821 0.084197 -0.850116
vn -0.552150 0.050755 -0.832198
vn -0.567844 0.016948 -0.822962
vn -0.567844 -0.016948 -0.822962
vn -0.552150 -0.050755 -0.832198
vn -0.519821 -0.084197 -0.850116
vn -0.469162 -0.116676 -0.875371
vn -0.398246 -0.147050 -0.905415
vn -0.305956 -0.173456 -0.936111
vn -0.193584 -0.193383 -0.961836
vn -0.066374 -0.204214 -0.976674
vn 0.066374 -0.204214 -0.976674
vn 0.193584 -0.193383 -0.961836
vn 0.305956 -0.173456 -0.936111
vn 0.398246 -0.147050 -0.905415
vn 0.469162 -0.116676 -0.875371
vn 0.519821 -0.084197 -0.850116
vn 0.552150 -0.050755 -0.832198
vn 0.567844 -0.016948 -0.822962
vn 0.804209 0.024002 -0.593862
vn 0.791013 0.072713 -0.607462
vn 0.762362 0.123482 -0.635261
vn 0.713260 0.177381 -0.678083
vn 0.635225 0.234553 -0.735850
vn 0.516277 0.292693 -0.804853
vn 0.344890 0.344530 -0.873126
vn 0.122463 0.376784 -0.918170
vn -0.122463 0.376784 -0.918170
vn -0.344890 0.344530 -0.873126
vn -0.516277 0.292693 -0.804853
vn -0.635225 0.234553 -0.735850
vn -0.713260 0.177381 -0.678083
vn -0.762362 0.123482 -0.635261
vn -0.791013 0.072713 -0.607462
vn -0.804209 0.024002 -0.593862
vn -0.804209 -0.024002 -0.593862
vn -0.791013 -0.072713 -0.607462
vn -0.762362 -0.123482 -0.635261
vn -0.713260 -0.177381 -0.678083
vn -0.635225 -0.234553 -0.735850
vn -0.516277 -0.292693 -0.804853
vn -0.344890 -0.344530 -0.873126
vn -0.122463 -0.376784 -0.918170
vn 0.122463 -0.376784 -0.918170
vn 0.344890 -0.344530 -0.873126
vn 0.516277 -0.292693 -0.804853
vn 0.635225 -0.234553 -0.735850
vn 0.713260 -0.177381 -0.678083
vn 0.762362 -0.123482 -0.635261
vn 0.791013 -0.072713 -0.607462
vn 0.804209 -0.024002 -0.593862
vn 0.974240 0.029077 -0.223630
vn 0.968805 0.089056 -0.231270
vn 0.956367 0.154906 -0.247721
vn 0.932839 0.231988 -0.275669
vn 0.888756 0.328167 -0.320030
vn 0.801606 0.454455 -0.388456
vn 0.618133 0.617489 -0.486435
vn 0.250802 0.771647 -0.584516
vn -0.250802 0.771647 -0.584516
vn -0.618133 0.617489 -0.486435
vn -0.801606 0.454455 -0.388456
vn -0.888756 0.328167 -0.320030
vn -0.932839 0.231988 -0.275669
vn -0.956367 0.154906 -0.247721
vn -0.968805 0.089056 -0.231270
vn -0.974240 0.029077 -0.223630
vn -0.974240 -0.029077 -0.223630
vn -0.968805 -0.089056 -0.231270
vn -0.956367 -0.154906 -0.247721
vn -0.932839 -0.231988 -0.275669
vn -0.888756 -0.328167 -0.320030
vn -0.801606 -0.454455 -0.388456
vn -0.618133 -0.617489 -0.486435
vn -0.250802 -0.771647 -0.584516
vn 0.250802 -0.771647 -0.584516
vn 0.618133 -0.617489 -0.486435
vn 0.801606 -0.454455 -0.388456
vn 0.888756 -0.328167 -0.320030
vn 0.932839 -0.231988 -0.275669
vn 0.956367 -0.154906 -0.247721
vn 0.968805 -0.089056 -0.231270
vn 0.974240 -0.029077 -0.223630
vn 0.974240 0.029077 0.223630
vn 0.968805 0.089056 0.231270
vn 0.956367 0.154906 0.247721
vn 0.932839 0.231988 0.275669
vn 0.888756 0.328167 0.320030
vn 0.801606 0.454455 0.388456
vn 0.618133 0.617489 0.486435
vn 0.250802 0.771647 0.584516
vn -0.250802 0.771647 0.584516
vn -0.618133 0.617489 0.486435
vn -0.801606 0.454455 0.388456
vn -0.888756 0.328167 0.320030
vn -0.932839 0.231988 0.275669
vn -0.956367 0.154906 0.247721
vn -0.968805 0.089056 0.231270
vn -0.974240 0.029077 0.223630
vn -0.974240 -0.029077 0.223630
vn -0.968805 -0.089056 0.231270
vn -0.956367 -0.154906 0.247721
vn -0.932839 -0.231988 0.275669
vn -0.888756 -0.328167 0.320030
vn -0.801606 -0.454455 0.388456
vn -0.618133 -0.617489 0.486435
vn -0.250802 -0.771647 0.584516
vn 0.250802 -0.771647 0.584516
vn 0.618133 -0.617489 0.486435
vn 0.801606 -0.454455 0.388456
vn 0.888756 -0.328167 0.320030
vn 0.932839 -0.231988 0.275669
vn 0.956367 -0.154906 0.247721
vn 0.968805 -0.089056 0.231270
vn 0.974240 -0.029077 0.223630
vn 0.804209 0.024002 0.593862
vn 0.791013 0.072713 0.607462
vn 0.762362 0.123482 0.635261
vn 0.713260 0.177381 0.678083
vn 0.635225 0.234553 0.735850
vn 0.516277 0.292693 0.804853
vn 0.344890 0.344530 0.873126
vn 0.122463 0.376784 0.918170
vn -0.122463 0.376784 0.918170
vn -0.344890 0.344530 0.873126
vn -0.516277 0.292693 0.804853
vn -0.635225 0.234553 0.735850
vn -0.713260 0.177381 0.678083
vn -0.762362 0.123482 0.635261
vn -0.791013 0.072713 0.607462
vn -0.804209 0.024002 0.593862
vn -0.804209 -0.024002 0.593862
vn -0.791013 -0.072713 0.607462
vn -0.762362 -0.123482 0.635261
vn -0.713260 -0.177381 0.678083
vn -0.635225 -0.234553 0.735850
vn -0.516277 -0.292693 0.804853
vn -0.344890 -0.344530 0.873126
vn -0.122463 -0.376784 0.918170
vn 0.122463 -0.376784 0.918170
vn 0.344890 -0.344530 0.873126
vn 0.516277 -0.292693 0.804853
vn 0.635225 -0.234553 0.735850
vn 0.713260 -0.177381 0.678083
vn 0.762362 -0.123482 0.635261
vn 0.791013 -0.072713 0.607462
vn 0.804209 -0.024002 0.593862
vn 0.567844 0.016948 0.822962
vn 0.552150 0.050755 0.832198
vn 0.519821 0.084197 0.850116
vn 0.469162 0.116676 0.875371
vn 0.398246 0.147050 0.905415
vn 0.305956 0.173456 0.936111
vn 0.193584 0.193383 0.961836
vn 0.066374 0.204214 0.976674
vn -0.066374 0.204214 0.976674
vn -0.193584 0.193383 0.961836
vn -0.305956 0.173456 0.936111
vn -0.398246 0.147050 0.905415
vn -0.469162 0.116676 0.875371
vn -0.519821 0.084197 0.850116
vn -0.552150 0.050755 0.832198
vn -0.567844 0.016948 0.822962
vn -0.567844 -0.016948 0.822962
vn -0.552150 -0.050755 0.832198
vn -0.519821 -0.084197 0.850116
vn -0.469162 -0.116676 0.875371
vn -0.398246 -0.147050 0.905415
vn -0.305956 -0.173456 0.936111
vn -0.193584 -0.193383 0.961836
vn -0.066374 -0.204214 0.976674
vn 0.066374 -0.204214 0.976674
vn 0.193584 -0.193383 0.961836
vn 0.305956 -0.173456 0.936111
vn 0.398246 -0.147050 0.905415
vn 0.469162 -0.116676 0.875371
vn 0.519821 -0.084197 0.850116
vn 0.552150 -0.050755 0.832198
vn 0.567844 -0.016948 0.822962
vn 0.331655 0.009899 0.943349
vn 0.320118 0.029426 0.946921
vn 0.297112 0.048124 0.953629
vn 0.262874 0.065374 0.962613
vn 0.217980 0.080488 0.972629
vn 0.163562 0.092728 0.982165
vn 0.101489 0.101383 0.989657
vn 0.034412 0.105875 0.993784
vn -0.034412 0.105875 0.993784
vn -0.101489 0.101383 0.989657
vn -0.163562 0.092728 0.982165
vn -0.217980 0.080488 0.972629
vn -0.262874 0.065374 0.962613
vn -0.297112 0.048124 0.953629
vn -0.320118 0.029426 0.946921
vn -0.331655 0.009899 0.943349
vn -0.331655 -0.009899 0.943349
vn -0.320118 -0.029426 0.946921
vn -0.297112 -0.048124 0.953629
vn -0.262874 -0.065374 0.962613
vn -0.217980 -0.080488 0.972629
vn -0.163562 -0.092728 0.982165
vn -0.101489 -0.101383 0.989657
vn -0.034412 -0.105875 0.993784
vn 0.034412 -0.105875 0.993784
vn 0.101489 -0.101383 0.989657
vn 0.163562 -0.092728 0.982165
vn 0.217980 -0.080488 0.972629
vn 0.262874 -0.065374 0.962613
vn 0.297112 -0.048124 0.953629
vn 0.320118 -0.029426 0.946921
vn 0.331655 -0.009899 0.943349
vn 0.108638 0.003242 0.994076
vn 0.104505 0.009606 0.994478
vn 0.096385 0.015612 0.995222
vn 0.084564 0.021030 0.996196
vn 0.069474 0.025653 0.997254
vn 0.051675 0.029296 0.998234
vn 0.031845 0.031812 0.998986
vn 0.010757 0.033097 0.999394
vn -0.010757 0.033097 0.999394
vn -0.031845 0.031812 0.998986
vn -0.051675 0.029296 0.998234
vn -0.069474 0.025653 0.997254
vn -0.084564 0.021030 0.996196
vn -0.096385 0.015612 0.995222
vn -0.104505 0.009606 0.994478
vn -0.108638 0.003242 0.994076
vn -0.108638 -0.003242 0.994076
vn -0.104505 -0.009606 0.994478
vn -0.096385 -0.015612 0.995222
vn -0.084564 -0.021030 0.996196
vn -0.069474 -0.025653 0.997254
vn -0.051675 -0.029296 0.998234
vn -0.031845 -0.031812 0.998986
vn -0.010757 -0.033097 0.999394
vn 0.010757 -0.033097 0.999394
vn 0.031845 -0.031812 0.998986
vn 0.051675 -0.029296 0.998234
vn 0.069474 -0.025653 0.997254
vn 0.084564 -0.021030 0.996196
vn 0.096385 -0.015612 0.995222
vn 0.104505 -0.009606 0.994478
vn 0.108638 -0.003242 0.994076
vn 0.147818 0.005042 -0.989002
vn 0.142240 0.014944 -0.989719
vn 0.131265 0.024300 -0.991049
vn 0.115258 0.032760 -0.992795
vn 0.094771 0.039995 -0.994695
vn 0.070546 0.045711 -0.996461
vn 0.043501 0.049667 -0.997818
vn 0.014699 0.051690 -0.998555
vn -0.014699 0.051690 -0.998555
vn -0.043501 0.049667 -0.997818
vn -0.070546 0.045711 -0.996461
vn -0.094771 0.039995 -0.994695
vn -0.115258 0.032760 -0.992795
vn -0.131265 0.024300 -0.991049
vn -0.142240 0.014944 -0.989719
vn -0.147818 0.005042 -0.989002
vn -0.147818 -0.005042 -0.989002
vn -0.142240 -0.014944 -0.989719
vn -0.131265 -0.024300 -0.991049
vn -0.115258 -0.032760 -0.992795
vn -0.094771 -0.039995 -0.994695
vn -0.070546 -0.045711 -0.996461
vn -0.043501 -0.049667 -0.997818
vn -0.014699 -0.051690 -0.998555
vn 0.014699 -0.051690 -0.998555
vn 0.043501 -0.049667 -0.997818
vn 0.070546 -0.045711 -0.996461
vn 0.094771 -0.039995 -0.994695
vn 0.115258 -0.032760 -0.992795
vn 0.131265 -0.024300 -0.991049
vn 0.142240 -0.014944 -0.989719
vn 0.147818 -0.005042 -0.989002
vn 0.433284 0.014780 -0.901136
vn 0.419252 0.044047 -0.906801
vn 0.390967 0.072377 -0.917554
vn 0.348155 0.098958 -0.932199
vn 0.290833 0.122737 -0.948869
vn 0.219803 0.142423 -0.965092
vn 0.137177 0.156619 -0.978086
vn 0.046662 0.164087 -0.985342
vn -0.046662 0.164087 -0.985342
vn -0.137177 0.156619 -0.978086
vn -0.219803 0.142423 -0.965092
vn -0.290833 0.122737 -0.948869
vn -0.348155 0.098958 -0.932199
vn -0.390967 0.072377 -0.917554
vn -0.419252 0.044047 -0.906801
vn -0.433284 0.014780 -0.901136
vn -0.433284 -0.014780 -0.901136
vn -0.419252 -0.044047 -0.906801
vn -0.390967 -0.072377 -0.917554
vn -0.348155 -0.098958 -0.932199
vn -0.290833 -0.122737 -0.948869
vn -0.219803 -0.142423 -0.965092
vn -0.137177 -0.156619 -0.978086
vn -0.046662 -0.164087 -0.985342
vn 0.046662 -0.164087 -0.985342
vn 0.137177 -0.156619 -0.978086
vn 0.219803 -0.142423 -0.965092
vn 0.290833 -0.122737 -0.948869
vn 0.348155 -0.098958 -0.932199
vn 0.390967 -0.072377 -0.917554
vn 0.419252 -0.044047 -0.906801
vn 0.433284 -0.014780 -0.901136
vn 0.686135 0.023405 -0.727098
vn 0.670317 0.070425 -0.738725
vn 0.637033 0.117930 -0.761762
vn 0.583010 0.165712 -0.795386
vn 0.503691 0.212567 -0.837323
vn 0.394520 0.255633 -0.882613
vn 0.253983 0.289981 -0.922715
vn 0.088001 0.309453 -0.946834
vn -0.088001 0.309453 -0.946834
vn -0.253983 0.289981 -0.922715
vn -0.394520 0.255633 -0.882613
vn -0.503691 0.212567 -0.837323
vn -0.583010 0.165712 -0.795386
vn -0.637033 0.117930 -0.761762
vn -0.670317 0.070425 -0.738725
vn -0.686135 0.023405 -0.727098
vn -0.686135 -0.023405 -0.727098
vn -0.670317 -0.070425 -0.738725
vn -0.637033 -0.117930 -0.761762
vn -0.583010 -0.165712 -0.795386
vn -0.503691 -0.212567 -0.837323
vn -0.394520 -0.255633 -0.882613
vn -0.253983 -0.289981 -0.922715
vn -0.088001 -0.309453 -0.946834
vn 0.088001 -0.309453 -0.946834
vn 0.253983 -0.289981 -0.922715
vn 0.394520 -0.255633 -0.882613
vn 0.503691 -0.212567 -0.837323
vn 0.583010 -0.165712 -0.795386
vn 0.637033 -0.117930 -0.761762
vn 0.670317 -0.070425 -0.738725
vn 0.686135 -0.023405 -0.727098
vn 0.879530 0.030002 -0.474897
vn 0.868303 0.091225 -0.487573
vn 0.843498 0.156151 -0.513934
vn 0.799616 0.227279 -0.555840
vn 0.726328 0.306524 -0.615216
vn 0.606426 0.392939 -0.691264
vn 0.417752 0.476962 -0.773299
vn 0.151760 0.533659 -0.831972
vn -0.151760 0.533659 -0.831972
vn -0.417752 0.476962 -0.773299
vn -0.606426 0.392939 -0.691264
vn -0.726328 0.306524 -0.615216
vn -0.799616 0.227279 -0.555840
vn -0.843498 0.156151 -0.513934
vn -0.868303 0.091225 -0.487573
vn -0.879530 0.030002 -0.474897
vn -0.879530 -0.030002 -0.474897
vn -0.868303 -0.091225 -0.487573
vn -0.843498 -0.156151 -0.513934
vn -0.799616 -0.227279 -0.555840
vn -0.726328 -0.306524 -0.615216
vn -0.606426 -0.392939 -0.691264
vn -0.417752 -0.476962 -0.773299
vn -0.151760 -0.533659 -0.831972
vn 0.151760 -0.533659 -0.831972
vn 0.417752 -0.476962 -0.773299
vn 0.606426 -0.392939 -0.691264
vn 0.726328 -0.306524 -0.615216
vn 0.799616 -0.227279 -0.555840
vn 0.843498 -0.156151 -0.513934
vn 0.868303 -0.091225 -0.487573
vn 0.879530 -0.030002 -0.474897
vn 0.985648 0.033622 -0.165431
vn 0.979872 0.102947 -0.171035
vn 0.966673 0.178954 -0.183084
vn 0.941772 0.267685 -0.203498
vn 0.895351 0.377854 -0.235741
vn 0.804413 0.521227 -0.285031
vn 0.616082 0.703402 -0.354498
vn 0.247921 0.871804 -0.422484
vn -0.247921 0.871804 -0.422484
vn -0.616082 0.703402 -0.354498
vn -0.804413 0.521227 -0.285031
vn -0.895351 0.377854 -0.235741
vn -0.941772 0.267685 -0.203498
vn -0.966673 0.178954 -0.183084
vn -0.979872 0.102947 -0.171035
vn -0.985648 0.033622 -0.165431
vn -0.985648 -0.033622 -0.165431
vn -0.979872 -0.102947 -0.171035
vn -0.966673 -0.178954 -0.183084
vn -0.941772 -0.267685 -0.203498
vn -0.895351 -0.377854 -0.235741
vn -0.804413 -0.521227 -0.285031
vn -0.616082 -0.703402 -0.354498
vn -0.247921 -0.871804 -0.422484
vn 0.247921 -0.871804 -0.422484
vn 0.616082 -0.703402 -0.354498
vn 0.804413 -0.521227 -0.285031
vn 0.895351 -0.377854 -0.235741
vn 0.941772 -0.267685 -0.203498
vn 0.966673 -0.178954 -0.183084
vn 0.979872 -0.102947 -0.171035
vn 0.985648 -0.033622 -0.165431
vn 0.985648 0.033622 0.165431
vn 0.979872 0.102947 0.171035
vn 0.966673 0.178954 0.183084
vn 0.941772 0.267685 0.203498
vn 0.895351 0.377854 0.235741
vn 0.804413 0.521227 0.285031
vn 0.616082 0.703402 0.354498
vn 0.247921 0.871804 0.422484
vn -0.247921 0.871804 0.422484
vn -0.616082 0.703402 0.354498
vn -0.804413 0.521227 0.285031
vn -0.895351 0.377854 0.235741
vn -0.941772 0.267685 0.203498
vn -0.966673 0.178954 0.183084
vn -0.979872 0.102947 0.171035
vn -0.985648 0.033622 0.165431
vn -0.985648 -0.033622 0.165431
vn -0.979872 -0.102947 0.171035
vn -0.966673 -0.178954 0.183084
vn -0.941772 -0.267685 0.203498
vn -0.895351 -0.377854 0.235741
vn -0.804413 -0.521227 0.285031
vn -0.616082 -0.703402 0.354498
vn -0.247921 -0.871804 0.422484
vn 0.247921 -0.871804 0.422484
vn 0.616082 -0.703402 0.354498
vn 0.804413 -0.521227 0.285031
vn 0.895351 -0.377854 0.235741
vn 0.941772 -0.267685 0.203498
vn 0.966673 -0.178954 0.183084
vn 0.979872 -0.102947 0.171035
vn 0.985648 -0.033622 0.165431
vn 0.879530 0.030002 0.474897
vn 0.868303 0.091225 0.487573
vn 0.843498 0.156151 0.513934
vn 0.799616 0.227279 0.555840
vn 0.726328 0.306524 0.615216
vn 0.606426 0.392939 0.691264
vn 0.417752 0.476962 0.773299
vn 0.151760 0.533659 0.831972
vn -0.151760 0.533659 0.831972
vn -0.417752 0.476962 0.773299
vn -0.606426 0.392939 0.691264
vn -0.726328 0.306524 0.615216
vn -0.799616 0.227279 0.555840
vn -0.843498 0.156151 0.513934
vn -0.868303 0.091225 0.487573
vn -0.879530 0.030002 0.474897
vn -0.879530 -0.030002 0.474897
vn -0.868303 -0.091225 0.487573
vn -0.843498 -0.156151 0.513934
vn -0.799616 -0.227279 0.555840
vn -0.726328 -0.306524 0.615216
vn -0.606426 -0.392939 0.691264
vn -0.417752 -0.476962 0.773299
vn -0.151760 -0.533659 0.831972
vn 0.151760 -0.533659 0.831972
vn 0.417752 -0.476962 0.773299
vn 0.606426 -0.392939 0.691264
vn 0.726328 -0.306524 0.615216
vn 0.799616 -0.227279 0.555840
vn 0.843498 -0.156151 0.513934
vn 0.868303 -0.091225 0.487573
vn 0.879530 -0.030002 0.474897
vn 0.686135 0.023405 0.727098
vn 0.670317 0.070425 0.738725
vn 0.637033 0.117930 0.761762
vn 0.583010 0.165712 0.795386
vn 0.503691 0.212567 0.837323
vn 0.394520 0.255633 0.882613
vn 0.253983 0.289981 0.922715
vn 0.088001 0.309453 0.946834
vn -0.088001 0.309453 0.946834
vn -0.253983 0.289981 0.922715
vn -0.394520 0.255633 0.882613
vn -0.503691 0.212567 0.837323
vn -0.583010 0.165712 0.795386
vn -0.637033 0.117930 0.761762
vn -0.670317 0.070425 0.738725
vn -0.686135 0.023405 0.727098
vn -0.686135 -0.023405 0.727098
vn -0.670317 -0.070425 0.738725
vn -0.637033 -0.117930 0.761762
vn -0.583010 -0.165712 0.795386
vn -0.503691 -0.212567 0.837323
vn -0.394520 -0.255633 0.882613
vn -0.253983 -0.289981 0.922715
vn -0.088001 -0.309453 0.946834
vn 0.088001 -0.309453 0.946834
vn 0.253983 -0.289981 0.922715
vn 0.394520 -0.255633 0.882613
vn 0.503691 -0.212567 0.837323
vn 0.583010 -0.165712 0.795386
vn 0.637033 -0.117930 0.761762
vn 0.670317 -0.070425 0.738725
vn 0.686135 -0.023405 0.727098
vn 0.433284 0.014780 0.901136
vn 0.419252 0.044047 0.906801
vn 0.390967 0.072377 0.917554
vn 0.348155 0.098958 0.932199
vn 0.290833 0.122737 0.948869
vn 0.219803 0.142423 0.965092
vn 0.137177 0.156619 0.978086
vn 0.046662 0.164087 0.985342
vn -0.046662 0.164087 0.985342
vn -0.137177 0.156619 0.978086
vn -0.219803 0.142423 0.965092
vn -0.290833 0.122737 0.948869
vn -0.348155 0.098958 0.932199
vn -0.390967 0.072377 0.917554
vn -0.419252 0.044047 0.906801
vn -0.433284 0.014780 0.901136
vn -0.433284 -0.014780 0.901136
vn -0.419252 -0.044047 0.906801
vn -0.390967 -0.072377 0.917554
vn -0.348155 -0.098958 0.932199
vn -0.290833 -0.122737 0.948869
vn -0.219803 -0.142423 0.965092
vn -0.137177 -0.156619 0.978086
vn -0.046662 -0.164087 0.985342
vn 0.046662 -0.164087 0.985342
vn 0.137177 -0.156619 0.978086
vn 0.219803 -0.142423 0.965092
vn 0.290833 -0.122737 0.948869
vn 0.348155 -0.098958 0.932199
vn 0.390967 -0.072377 0.917554
vn 0.419252 -0.044047 0.906801
vn 0.433284 -0.014780 0.901136
vn 0.147818 0.005042 0.989002
vn 0.142240 0.014944 0.989719
vn 0.131265 0.024300 0.991049
vn 0.115258 0.032760 0.992795
vn 0.094771 0.039995 0.994695
vn 0.070546 0.045711 0.996461
vn 0.043501 0.049667 0.997818
vn 0.014699 0.051690 0.998555
vn -0.014699 0.051690 0.998555
vn -0.043501 0.049667 0.997818
vn -0.070546 0.045711 0.996461
vn -0.094771 0.039995 0.994695
vn -0.115258 0.032760 0.992795
vn -0.131265 0.024300 0.991049
vn -0.142240 0.014944 0.989719
vn -0.147818 0.005042 0.989002
vn -0.147818 -0.005042 0.989002
vn -0.142240 -0.014944 0.989719
vn -0.131265 -0.024300 0.991049
vn -0.115258 -0.032760 0.992795
vn -0.094771 -0.039995 0.994695
vn -0.070546 -0.045711 0.996461
vn -0.043501 -0.049667 0.997818
vn -0.014699 -0.051690 0.998555
vn 0.014699 -0.051690 0.998555
vn 0.043501 -0.049667 0.997818
vn 0.070546 -0.045711 0.996461
vn 0.094771 -0.039995 0.994695
vn 0.115258 -0.032760 0.992795
vn 0.131265 -0.024300 0.991049
vn 0.142240 -0.014944 0.989719
vn 0.147818 -0.005042 0.989002
vn 0.207603 0.008813 -0.978174
vn 0.199889 0.026136 -0.979470
vn 0.184672 0.042547 -0.981879
vn 0.162390 0.057444 -0.985053
vn 0.133739 0.070242 -0.988524
vn 0.099703 0.080401 -0.991764
vn 0.061552 0.087461 -0.994265
vn 0.020812 0.091081 -0.995626
vn -0.020812 0.091081 -0.995626
vn -0.061552 0.087461 -0.994265
vn -0.099703 0.080401 -0.991764
vn -0.133739 0.070242 -0.988524
vn -0.162390 0.057444 -0.985053
vn -0.184672 0.042547 -0.981879
vn -0.199889 0.026136 -0.979470
vn -0.207603 0.008813 -0.978174
vn -0.207603 -0.008813 -0.978174
vn -0.199889 -0.026136 -0.979470
vn -0.184672 -0.042547 -0.981879
vn -0.162390 -0.057444 -0.985053
vn -0.133739 -0.070242 -0.988524
vn -0.099703 -0.080401 -0.991764
vn -0.061552 -0.087461 -0.994265
vn -0.020812 -0.091081 -0.995626
vn 0.020812 -0.091081 -0.995626
vn 0.061552 -0.087461 -0.994265
vn 0.099703 -0.080401 -0.991764
vn 0.133739 -0.070242 -0.988524
vn 0.162390 -0.057444 -0.985053
vn 0.184672 -0.042547 -0.981879
vn 0.199889 -0.026136 -0.979470
vn 0.207603 -0.008813 -0.978174
vn 0.563709 0.023931 -0.825627
vn 0.547410 0.071575 -0.833798
vn 0.514031 0.118429 -0.849557
vn 0.462221 0.163506 -0.871560
vn 0.390589 0.205144 -0.897417
vn 0.298660 0.240842 -0.923470
vn 0.188205 0.267427 -0.945019
vn 0.064377 0.281737 -0.957330
vn -0.064377 0.281737 -0.957330
vn -0.188205 0.267427 -0.945019
vn -0.298660 0.240842 -0.923470
vn -0.390589 0.205144 -0.897417
vn -0.462221 0.163506 -0.871560
vn -0.514031 0.118429 -0.849557
vn -0.547410 0.071575 -0.833798
vn -0.563709 0.023931 -0.825627
vn -0.563709 -0.023931 -0.825627
vn -0.547410 -0.071575 -0.833798
vn -0.514031 -0.118429 -0.849557
vn -0.462221 -0.163506 -0.871560
vn -0.390589 -0.205144 -0.897417
vn -0.298660 -0.240842 -0.923470
vn -0.188205 -0.267427 -0.945019
vn -0.064377 -0.281737 -0.957330
vn 0.064377 -0.281737 -0.957330
vn 0.188205 -0.267427 -0.945019
vn 0.298660 -0.240842 -0.923470
vn 0.390589 -0.205144 -0.897417
vn 0.462221 -0.163506 -0.871560
vn 0.514031 -0.118429 -0.849557
vn 0.547410 -0.071575 -0.833798
vn 0.563709 -0.023931 -0.825627
vn 0.800970 0.034004 -0.597739
vn 0.785816 0.102748 -0.609866
vn 0.753301 0.173555 -0.634363
vn 0.698739 0.247173 -0.671319
vn 0.614718 0.322860 -0.719641
vn 0.491923 0.396691 -0.775014
vn 0.323345 0.459450 -0.827257
vn 0.113546 0.496919 -0.860337
vn -0.113546 0.496919 -0.860337
vn -0.323345 0.459450 -0.827257
vn -0.491923 0.396691 -0.775014
vn -0.614718 0.322860 -0.719641
vn -0.698739 0.247173 -0.671319
vn -0.753301 0.173555 -0.634363
vn -0.785816 0.102748 -0.609866
vn -0.800970 0.034004 -0.597739
vn -0.800970 -0.034004 -0.597739
vn -0.785816 -0.102748 -0.609866
vn -0.753301 -0.173555 -0.634363
vn -0.698739 -0.247173 -0.671319
vn -0.614718 -0.322860 -0.719641
vn -0.491923 -0.396691 -0.775014
vn -0.323345 -0.459450 -0.827257
vn -0.113546 -0.496919 -0.860337
vn 0.113546 -0.496919 -0.860337
vn 0.323345 -0.459450 -0.827257
vn 0.491923 -0.396691 -0.775014
vn 0.614718 -0.322860 -0.719641
vn 0.698739 -0.247173 -0.671319
vn 0.753301 -0.173555 -0.634363
vn 0.785816 -0.102748 -0.609866
vn 0.800970 -0.034004 -0.597739
vn 0.933973 0.039650 -0.355137
vn 0.923133 0.120702 -0.365043
vn 0.899047 0.207134 -0.385760
vn 0.855992 0.302799 -0.419034
vn 0.782862 0.411173 -0.466973
vn 0.660142 0.532344 -0.529926
vn 0.460366 0.654148 -0.600128
vn 0.168893 0.739136 -0.652038
vn -0.168893 0.739136 -0.652038
vn -0.460366 0.654148 -0.600128
vn -0.660142 0.532344 -0.529926
vn -0.782862 0.411173 -0.466973
vn -0.855992 0.302799 -0.419034
vn -0.899047 0.207134 -0.385760
vn -0.923133 0.120702 -0.365043
vn -0.933973 0.039650 -0.355137
vn -0.933973 -0.039650 -0.355137
vn -0.923133 -0.120702 -0.365043
vn -0.899047 -0.207134 -0.385760
vn -0.855992 -0.302799 -0.419034
vn -0.782862 -0.411173 -0.466973
vn -0.660142 -0.532344 -0.529926
vn -0.460366 -0.654148 -0.600128
vn -0.168893 -0.739136 -0.652038
vn 0.168893 -0.739136 -0.652038
vn 0.460366 -0.654148 -0.600128
vn 0.660142 -0.532344 -0.529926
vn 0.782862 -0.411173 -0.466973
vn 0.855992 -0.302799 -0.419034
vn 0.899047 -0.207134 -0.385760
vn 0.923133 -0.120702 -0.365043
vn 0.933973 -0.039650 -0.355137
vn 0.992206 0.042122 -0.117276
vn 0.984276 0.128697 -0.120988
vn 0.966344 0.222639 -0.128888
vn 0.933200 0.330111 -0.142004
vn 0.873626 0.458843 -0.161986
vn 0.764147 0.616215 -0.190679
vn 0.560486 0.796412 -0.227118
vn 0.215202 0.941802 -0.258259
vn -0.215202 0.941802 -0.258259
vn -0.560486 0.796412 -0.227118
vn -0.764147 0.616215 -0.190679
vn -0.873626 0.458843 -0.161986
vn -0.933200 0.330111 -0.142004
vn -0.966344 0.222639 -0.128888
vn -0.984276 0.128697 -0.120988
vn -0.992206 0.042122 -0.117276
vn -0.992206 -0.042122 -0.117276
vn -0.984276 -0.128697 -0.120988
vn -0.966344 -0.222639 -0.128888
vn -0.933200 -0.330111 -0.142004
vn -0.873626 -0.458843 -0.161986
vn -0.764147 -0.616215 -0.190679
vn -0.560486 -0.796412 -0.227118
vn -0.215202 -0.941802 -0.258259
vn 0.215202 -0.941802 -0.258259
vn 0.560486 -0.796412 -0.227118
vn 0.764147 -0.616215 -0.190679
vn 0.873626 -0.458843 -0.161986
vn 0.933200 -0.330111 -0.142004
vn 0.966344 -0.222639 -0.128888
vn 0.984276 -0.128697 -0.120988
vn 0.992206 -0.042122 -0.117276
vn 0.992206 0.042122 0.117276
vn 0.984276 0.128697 0.120988
vn 0.966344 0.222639 0.128888
vn 0.933200 0.330111 0.142004
vn 0.873626 0.458843 0.161986
vn 0.764147 0.616215 0.190679
vn 0.560486 0.796412 0.227118
vn 0.215202 0.941802 0.258259
vn -0.215202 0.941802 0.258259
vn -0.560486 0.796412 0.227118
vn -0.764147 0.616215 0.190679
vn -0.873626 0.458843 0.161986
vn -0.933200 0.330111 0.142004
vn -0.966344 0.222639 0.128888
vn -0.984276 0.128697 0.120988
vn -0.992206 0.042122 0.117276
vn -0.992206 -0.042122 0.117276
vn -0.984276 -0.128697 0.120988
vn -0.966344 -0.222639 0.128888
vn -0.933200 -0.330111 0.142004
vn -0.873626 -0.458843 0.161986
vn -0.764147 -0.616215 0.190679
vn -0.560486 -0.796412 0.227118
vn -0.215202 -0.941802 0.258259
vn 0.215202 -0.941802 0.258259
vn 0.560486 -0.796412 0.227118
vn 0.764147 -0.616215 0.190679
vn 0.873626 -0.458843 0.161986
vn 0.933200 -0.330111 0.142004
vn 0.966344 -0.222639 0.128888
vn 0.984276 -0.128697 0.120988
vn 0.992206 -0.042122 0.117276
vn 0.933973 0.039650 0.355137
vn 0.923133 0.120702 0.365043
vn 0.899047 0.207134 0.385760
vn 0.855992 0.302799 0.419034
vn 0.782862 0.411173 0.466973
vn 0.660142 0.532344 0.529926
vn 0.460366 0.654148 0.600128
vn 0.168893 0.739136 0.652038
vn -0.168893 0.739136 0.652038
vn -0.460366 0.654148 0.600128
vn -0.660142 0.532344 0.529926
vn -0.782862 0.411173 0.466973
vn -0.855992 0.302799 0.419034
vn -0.899047 0.207134 0.385760
vn -0.923133 0.120702 0.365043
vn -0.933973 0.039650 0.355137
vn -0.933973 -0.039650 0.355137
vn -0.923133 -0.120702 0.365043
vn -0.899047 -0.207134 0.385760
vn -0.855992 -0.302799 0.419034
vn -0.782862 -0.411173 0.466973
vn -0.660142 -0.532344 0.529926
vn -0.460366 -0.654148 0.600128
vn -0.168893 -0.739136 0.652038
vn 0.168893 -0.739136 0.652038
vn 0.460366 -0.654148 0.600128
vn 0.660142 -0.532344 0.529926
vn 0.782862 -0.411173 0.466973
vn 0.855992 -0.302799 0.419034
vn 0.899047 -0.207134 0.385760
vn 0.923133 -0.120702 0.365043
vn 0.933973 -0.039650 0.355137
vn 0.800970 0.034004 0.597739
vn 0.785816 0.102748 0.609866
vn 0.753301 0.173555 0.634363
vn 0.698739 0.247173 0.671319
vn 0.614718 0.322860 0.719641
vn 0.491923 0.396691 0.775014
vn 0.323345 0.459450 0.827257
vn 0.113546 0.496919 0.860337
vn -0.113546 0.496919 0.860337
vn -0.323345 0.459450 0.827257
vn -0.491923 0.396691 0.775014
vn -0.614718 0.322860 0.719641
vn -0.698739 0.247173 0.671319
vn -0.753301 0.173555 0.634363
vn -0.785816 0.102748 0.609866
vn -0.800970 0.034004 0.597739
vn -0.800970 -0.034004 0.597739
vn -0.785816 -0.102748 0.609866
vn -0.753301 -0.173555 0.634363
vn -0.698739 -0.247173 0.671319
vn -0.614718 -0.322860 0.719641
vn -0.491923 -0.396691 0.775014
vn -0.323345 -0.459450 0.827257
vn -0.113546 -0.496919 0.860337
vn 0.113546 -0.496919 0.860337
vn 0.323345 -0.459450 0.827257
vn 0.491923 -0.396691 0.775014
vn 0.614718 -0.322860 0.719641
vn 0.698739 -0.247173 0.671319
vn 0.753301 -0.173555 0.634363
vn 0.785816 -0.102748 0.609866
vn 0.800970 -0.034004 0.597739
vn 0.563709 0.023931 0.825627
vn 0.547410 0.071575 0.833798
vn 0.514031 0.118429 0.849557
vn 0.462221 0.163506 0.871560
vn 0.390589 0.205144 0.897417
vn 0.298660 0.240842 0.923470
vn 0.188205 0.267427 0.945019
vn 0.064377 0.281737 0.957330
vn -0.064377 0.281737 0.957330
vn -0.188205 0.267427 0.945019
vn -0.298660 0.240842 0.923470
vn -0.390589 0.205144 0.897417
vn -0.462221 0.163506 0.871560
vn -0.514031 0.118429 0.849557
vn -0.547410 0.071575 0.833798
vn -0.563709 0.023931 0.825627
vn -0.563709 -0.023931 0.825627
vn -0.547410 -0.071575 0.833798
vn -0.514031 -0.118429 0.849557
vn -0.462221 -0.163506 0.871560
vn -0.390589 -0.205144 0.897417
vn -0.298660 -0.240842 0.923470
vn -0.188205 -0.267427 0.945019
vn -0.064377 -0.281737 0.957330
vn 0.064377 -0.281737 0.957330
vn 0.188205 -0.267427 0.945019
vn 0.298660 -0.240842 0.923470
vn 0.390589 -0.205144 0.897417
vn 0.462221 -0.163506 0.871560
vn 0.514031 -0.118429 0.849557
vn 0.547410 -0.071575 0.833798
vn 0.563709 -0.023931 0.825627
vn 0.207603 0.008813 0.978174
vn 0.199889 0.026136 0.979470
vn 0.184672 0.042547 0.981879
vn 0.162390 0.057444 0.985053
vn 0.133739 0.070242 0.988524
vn 0.099703 0.080401 0.991764
vn 0.061552 0.087461 0.994265
vn 0.020812 0.091081 0.995626
vn -0.020812 0.091081 0.995626
vn -0.061552 0.087461 0.994265
vn -0.099703 0.080401 0.991764
vn -0.133739 0.070242 0.988524
vn -0.162390 0.057444 0.985053
vn -0.184672 0.042547 0.981879
vn -0.199889 0.026136 0.979470
vn -0.207603 0.008813 0.978174
vn -0.207603 -0.008813 0.978174
vn -0.199889 -0.026136 0.979470
vn -0.184672 -0.042547 0.981879
vn -0.162390 -0.057444 0.985053
vn -0.133739 -0.070242 0.988524
vn -0.099703 -0.080401 0.991764
vn -0.061552 -0.087461 0.994265
vn -0.020812 -0.091081 0.995626
vn 0.020812 -0.091081 0.995626
vn 0.061552 -0.087461 0.994265
vn 0.099703 -0.080401 0.991764
vn 0.133739 -0.070242 0.988524
vn 0.162390 -0.057444 0.985053
vn 0.184672 -0.042547 0.981879
vn 0.199889 -0.026136 0.979470
vn 0.207603 -0.008813 0.978174
vn 0.424946 0.002709 -0.905215
vn 0.369756 0.007919 -0.929095
vn 0.256967 0.012326 -0.966342
vn 0.092963 0.014979 -0.995557
vn -0.092963 0.014979 -0.995557
vn -0.256967 0.012326 -0.966342
vn -0.369756 0.007919 -0.929095
vn -0.424946 0.002709 -0.905215
vn -0.424946 -0.002709 -0.905215
vn -0.369756 -0.007919 -0.929095
vn -0.256967 -0.012326 -0.966342
vn -0.092963 -0.014979 -0.995557
vn 0.092963 -0.014979 -0.995557
vn 0.256967 -0.012326 -0.966342
vn 0.369756 -0.007919 -0.929095
vn 0.424946 -0.002709 -0.905215
vn 0.939218 0.005988 -0.343268
vn 0.918119 0.019662 -0.395816
vn 0.839596 0.040274 -0.541716
vn 0.476622 0.076799 -0.875747
vn -0.476622 0.076799 -0.875747
vn -0.839596 0.040274 -0.541716
vn -0.918119 0.019662 -0.395816
vn -0.939218 0.005988 -0.343268
vn -0.939218 -0.005988 -0.343268
vn -0.918119 -0.019662 -0.395816
vn -0.839596 -0.040274 -0.541716
vn -0.476622 -0.076799 -0.875747
vn 0.476622 -0.076799 -0.875747
vn 0.839596 -0.040274 -0.541716
vn 0.918119 -0.019662 -0.395816
vn 0.939218 -0.005988 -0.343268
vn 0.939218 0.005988 0.343268
vn 0.918119 0.019662 0.395816
vn 0.839596 0.040274 0.541716
vn 0.476622 0.076799 0.875747
vn -0.476622 0.076799 0.875747
vn -0.839596 0.040274 0.541716
vn -0.918119 0.019662 0.395816
vn -0.939218 0.005988 0.343268
vn -0.939218 -0.005988 0.343268
vn -0.918119 -0.019662 0.395816
vn -0.839596 -0.040274 0.541716
vn -0.476622 -0.076799 0.875747
vn 0.476622 -0.076799 0.875747
vn 0.839596 -0.040274 0.541716
vn 0.918119 -0.019662 0.395816
vn 0.939218 -0.005988 0.343268
vn 0.424946 0.002709 0.905215
vn 0.369756 0.007919 0.929095
vn 0.256967 0.012326 0.966342
vn 0.092963 0.014979 0.995557
vn -0.092963 0.014979 0.995557
vn -0.256967 0.012326 0.966342
vn -0.369756 0.007919 0.929095
vn -0.424946 0.002709 0.905215
vn -0.424946 -0.002709 0.905215
vn -0.369756 -0.007919 0.929095
vn -0.256967 -0.012326 0.966342
vn -0.092963 -0.014979 0.995557
vn 0.092963 -0.014979 0.995557
vn 0.256967 -0.012326 0.966342
vn 0.369756 -0.007919 0.929095
vn 0.424946 -0.002709 0.905215
vn 0.136773 0.001457 -0.990601
vn 0.116256 0.004161 -0.993211
vn 0.077971 0.006251 -0.996936
vn 0.027453 0.007394 -0.999596
vn -0.027453 0.007394 -0.999596
vn -0.077971 0.006251 -0.996936
vn -0.116256 0.004161 -0.993211
vn -0.136773 0.001457 -0.990601
vn -0.136773 -0.001457 -0.990601
vn -0.116256 -0.004161 -0.993211
vn -0.077971 -0.006251 -0.996936
vn -0.027453 -0.007394 -0.999596
vn 0.027453 -0.007394 -0.999596
vn 0.077971 -0.006251 -0.996936
vn 0.116256 -0.004161 -0.993211
vn 0.136773 -0.001457 -0.990601
vn 0.626929 0.006681 -0.779048
vn 0.563451 0.020169 -0.825903
vn 0.414555 0.033237 -0.909417
vn 0.157917 0.042531 -0.986536
vn -0.157917 0.042531 -0.986536
vn -0.414555 0.033237 -0.909417
vn -0.563451 0.020169 -0.825903
vn -0.626929 0.006681 -0.779048
vn -0.626929 -0.006681 -0.779048
vn -0.563451 -0.020169 -0.825903
vn -0.414555 -0.033237 -0.909417
vn -0.157917 -0.042531 -0.986536
vn 0.157917 -0.042531 -0.986536
vn 0.414555 -0.033237 -0.909417
vn 0.563451 -0.020169 -0.825903
vn 0.626929 -0.006681 -0.779048
vn 0.626929 0.006681 0.779048
vn 0.563451 0.020169 0.825903
vn 0.414555 0.033237 0.909417
vn 0.157917 0.042531 0.986536
vn -0.157917 0.042531 0.986536
vn -0.414555 0.033237 0.909417
vn -0.563451 0.020169 0.825903
vn -0.626929 0.006681 0.779048
vn -0.626929 -0.006681 0.779048
vn -0.563451 -0.020169 0.825903
vn -0.414555 -0.033237 0.909417
vn -0.157917 -0.042531 0.986536
vn 0.157917 -0.042531 0.986536
vn 0.414555 -0.033237 0.909417
vn 0.563451 -0.020169 0.825903
vn 0.626929 -0.006681 0.779048
vn 0.136773 0.001457 0.990601
vn 0.116256 0.004161 0.993211
vn 0.077971 0.006251 0.996936
vn 0.027453 0.007394 0.999596
vn -0.027453 0.007394 0.999596
vn -0.077971 0.006251 0.996936
vn -0.116256 0.004161 0.993211
vn -0.136773 0.001457 0.990601
vn -0.136773 -0.001457 0.990601
vn -0.116256 -0.004161 0.993211
vn -0.077971 -0.006251 0.996936
vn -0.027453 -0.007394 0.999596
vn 0.027453 -0.007394 0.999596
vn 0.077971 -0.006251 0.996936
vn 0.116256 -0.004161 0.993211
vn 0.136773 -0.001457 0.990601
usemtl Armor
f 1//1 2//1 3//1
f 4//1 6//1 7//1
f 4//1 7//1 5//1
f 8//1 10//1 11//1
f 8//1 11//1 9//1
f 12//1 1//1 3//1
f 13//1 14//1 6//1
f 13//1 6//1 4//1
f 15//1 16//1 10//1
f 15//1 10//1 8//1
f 17//1 12//1 3//1
f 18//1 19//1 14//1
f 18//1 14//1 13//1
f 20//1 21//1 16//1
f 20//1 16//1 15//1
f 22//1 17//1 3//1
f 23//1 24//1 19//1
f 23//1 19//1 18//1
f 25//1 26//1 21//1
f 25//1 21//1 20//1
f 27//1 22//1 3//1
f 28//1 29//1 24//1
f 28//1 24//1 23//1
f 30//1 31//1 26//1
f 30//1 26//1 25//1
f 32//1 27//1 3//1
f 33//1 34//1 29//1
f 33//1 29//1 28//1
f 35//1 36//1 31//1
f 35//1 31//1 30//1
f 37//1 32//1 3//1
f 38//1 39//1 34//1
f 38//1 34//1 33//1
f 40//1 41//1 36//1
f 40//1 36//1 35//1
f 42//1 37//1 3//1
f 43//1 44//1 39//1
f 43//1 39//1 38//1
f 45//1 46//1 41//1
f 45//1 41//1 40//1
f 47//1 42//1 3//1
f 48//1 49//1 44//1
f 48//1 44//1 43//1
f 50//1 51//1 46//1
f 50//1 46//1 45//1
f 52//1 47//1 3//1
f 53//1 54//1 49//1
f 53//1 49//1 48//1
f 55//1 56//1 51//1
f 55//1 51//1 50//1
f 57//1 52//1 3//1
f 58//1 59//1 54//1
f 58//1 54//1 53//1
f 60//1 61//1 56//1
f 60//1 56//1 55//1
f 62//1 57//1 3//1
f 63//1 64//1 59//1
f 63//1 59//1 58//1
f 65//1 66//1 61//1
f 65//1 61//1 60//1
f 67//1 62//1 3//1
f 68//1 69//1 64//1
f 68//1 64//1 63//1
f 70//1 71//1 66//1
f 70//1 66//1 65//1
f 72//1 67//1 3//1
f 73//1 74//1 69//1
f 73//1 69//1 68//1
f 75//1 76//1 71//1
f 75//1 71//1 70//1
f 77//1 72//1 3//1
f 78//1 79//1 74//1
f 78//1 74//1 73//1
f 80//1 81//1 76//1
f 80//1 76//1 75//1
f 82//1 77//1 3//1
f 83//1 84//1 79//1
f 83//1 79//1 78//1
f 85//1 86//1 81//1
f 85//1 81//1 80//1
f 87//1 82//1 3//1
f 88//1 89//1 84//1
f 88//1 84//1 83//1
f 90//1 91//1 86//1
f 90//1 86//1 85//1
f 92//1 87//1 3//1
f 93//1 94//1 89//1
f 93//1 89//1 88//1
f 95//1 96//1 91//1
f 95//1 91//1 90//1
f 97//1 92//1 3//1
f 98//1 99//1 94//1
f 98//1 94//1 93//1
f 100//1 101//1 96//1
f 100//1 96//1 95//1
f 102//1 97//1 3//1
f 103//1 104//1 99//1
f 103//1 99//1 98//1
f 105//1 106//1 101//1
f 105//1 101//1 100//1
f 107//1 102//1 3//1
f 108//1 109//1 104//1
f 108//1 104//1 103//1
f 110//1 111//1 106//1
f 110//1 106//1 105//1
f 112//1 107//1 3//1
f 113//1 114//1 109//1
f 113//1 109//1 108//1
f 115//1 116//1 111//1
f 115//1 111//1 110//1
f 117//1 112//1 3//1
f 118//1 119//1 114//1
f 118//1 114//1 113//1
f 120//1 121//1 116//1
f 120//1 116//1 115//1
f 122//1 117//1 3//1
f 123//1 124//1 119//1
f 123//1 119//1 118//1
f 125//1 126//1 121//1
f 125//1 121//1 120//1
f 127//1 122//1 3//1
f 128//1 129//1 124//1
f 128//1 124//1 123//1
f 130//1 131//1 126//1
f 130//1 126//1 125//1
f 132//1 127//1 3//1
f 133//1 134//1 129//1
f 133//1 129//1 128//1
f 135//1 136//1 131//1
f 135//1 131//1 130//1
f 137//1 132//1 3//1
f 138//1 139//1 134//1
f 138//1 134//1 133//1
f 140//1 141//1 136//1
f 140//1 136//1 135//1
f 142//1 137//1 3//1
f 143//1 144//1 139//1
f 143//1 139//1 138//1
f 145//1 146//1 141//1
f 145//1 141//1 140//1
f 147//1 142//1 3//1
f 148//1 149//1 144//1
f 148//1 144//1 143//1
f 150//1 151//1 146//1
f 150//1 146//1 145//1
f 152//1 147//1 3//1
f 153//1 154//1 149//1
f 153//1 149//1 148//1
f 155//1 156//1 151//1
f 155//1 151//1 150//1
f 157//1 152//1 3//1
f 158//1 159//1 154//1
f 158//1 154//1 153//1
f 160//1 161//1 156//1
f 160//1 156//1 155//1
f 2//1 157//1 3//1
f 5//1 7//1 159//1
f 5//1 159//1 158//1
f 9//1 11//1 161//1
f 9//1 161//1 160//1
f 162//2 163//2 164//2
f 165//2 167//2 168//2
f 165//2 168//2 166//2
f 169//2 171//2 172//2
f 169//2 172//2 170//2
f 162//2 164//2 177//2
f 166//2 168//2 179//2
f 166//2 179//2 178//2
f 170//2 172//2 181//2
f 170//2 181//2 180//2
f 162//2 177//2 184//2
f 178//2 179//2 186//2
f 178//2 186//2 185//2
f 180//2 181//2 188//2
f 180//2 188//2 187//2
f 162//2 184//2 191//2
f 185//2 186//2 193//2
f 185//2 193//2 192//2
f 187//2 188//2 195//2
f 187//2 195//2 194//2
f 162//2 191//2 198//2
f 192//2 193//2 200//2
f 192//2 200//2 199//2
f 194//2 195//2 202//2
f 194//2 202//2 201//2
f 162//2 198//2 205//2
f 199//2 200//2 207//2
f 199//2 207//2 206//2
f 201//2 202//2 209//2
f 201//2 209//2 208//2
f 162//2 205//2 212//2
f 206//2 207//2 214//2
f 206//2 214//2 213//2
f 208//2 209//2 216//2
f 208//2 216//2 215//2
f 162//2 212//2 219//2
f 213//2 214//2 221//2
f 213//2 221//2 220//2
f 215//2 216//2 223//2
f 215//2 223//2 222//2
f 162//2 219//2 226//2
f 220//2 221//2 228//2
f 220//2 228//2 227//2
f 222//2 223//2 230//2
f 222//2 230//2 229//2
f 162//2 226//2 233//2
f 227//2 228//2 235//2
f 227//2 235//2 234//2
f 229//2 230//2 237//2
f 229//2 237//2 236//2
f 162//2 233//2 240//2
f 234//2 235//2 242//2
f 234//2 242//2 241//2
f 236//2 237//2 244//2
f 236//2 244//2 243//2
f 162//2 240//2 247//2
f 241//2 242//2 249//2
f 241//2 249//2 248//2
f 243//2 244//2 251//2
f 243//2 251//2 250//2
f 162//2 247//2 254//2
f 248//2 249//2 256//2
f 248//2 256//2 255//2
f 250//2 251//2 258//2
f 250//2 258//2 257//2
f 162//2 254//2 261//2
f 255//2 256//2 263//2
f 255//2 263//2 262//2
f 257//2 258//2 265//2
f 257//2 265//2 264//2
f 162//2 261//2 268//2
f 262//2 263//2 270//2
f 262//2 270//2 269//2
f 264//2 265//2 272//2
f 264//2 272//2 271//2
f 162//2 268//2 275//2
f 269//2 270//2 277//2
f 269//2 277//2 276//2
f 271//2 272//2 279//2
f 271//2 279//2 278//2
f 162//2 275//2 282//2
f 276//2 277//2 284//2
f 276//2 284//2 283//2
f 278//2 279//2 286//2
f 278//2 286//2 285//2
f 162//2 282//2 289//2
f 283//2 284//2 291//2
f 283//2 291//2 290//2
f 285//2 286//2 293//2
f 285//2 293//2 292//2
f 162//2 289//2 296//2
f 290//2 291//2 298//2
f 290//2 298//2 297//2
f 292//2 293//2 300//2
f 292//2 300//2 299//2
f 162//2 296//2 303//2
f 297//2 298//2 305//2
f 297//2 305//2 304//2
f 299//2 300//2 307//2
f 299//2 307//2 306//2
f 162//2 303//2 310//2
f 304//2 305//2 312//2
f 304//2 312//2 311//2
f 306//2 307//2 314//2
f 306//2 314//2 313//2
f 162//2 310//2 317//2
f 311//2 312//2 319//2
f 311//2 319//2 318//2
f 313//2 314//2 321//2
f 313//2 321//2 320//2
f 162//2 317//2 324//2
f 318//2 319//2 326//2
f 318//2 326//2 325//2
f 320//2 321//2 328//2
f 320//2 328//2 327//2
f 162//2 324//2 331//2
f 325//2 326//2 333//2
f 325//2 333//2 332//2
f 327//2 328//2 335//2
f 327//2 335//2 334//2
f 162//2 331//2 338//2
f 332//2 333//2 340//2
f 332//2 340//2 339//2
f 334//2 335//2 342//2
f 334//2 342//2 341//2
f 162//2 338//2 345//2
f 339//2 340//2 347//2
f 339//2 347//2 346//2
f 341//2 342//2 349//2
f 341//2 349//2 348//2
f 162//2 345//2 352//2
f 346//2 347//2 354//2
f 346//2 354//2 353//2
f 348//2 349//2 356//2
f 348//2 356//2 355//2
f 162//2 352//2 359//2
f 353//2 354//2 361//2
f 353//2 361//2 360//2
f 355//2 356//2 363//2
f 355//2 363//2 362//2
f 162//2 359//2 366//2
f 360//2 361//2 368//2
f 360//2 368//2 367//2
f 362//2 363//2 370//2
f 362//2 370//2 369//2
f 162//2 366//2 373//2
f 367//2 368//2 375//2
f 367//2 375//2 374//2
f 369//2 370//2 377//2
f 369//2 377//2 376//2
f 162//2 373//2 380//2
f 374//2 375//2 382//2
f 374//2 382//2 381//2
f 376//2 377//2 384//2
f 376//2 384//2 383//2
f 162//2 380//2 163//2
f 381//2 382//2 167//2
f 381//2 167//2 165//2
f 383//2 384//2 171//2
f 383//2 171//2 169//2
f 387//1 388//1 389//1
f 390//1 392//1 393//1
f 390//1 393//1 391//1
f 394//1 396//1 397//1
f 394//1 397//1 395//1
f 398//1 387//1 389//1
f 399//1 400//1 392//1
f 399//1 392//1 390//1
f 401//1 402//1 396//1
f 401//1 396//1 394//1
f 403//1 398//1 389//1
f 404//1 405//1 400//1
f 404//1 400//1 399//1
f 406//1 407//1 402//1
f 406//1 402//1 401//1
f 408//1 403//1 389//1
f 409//1 410//1 405//1
f 409//1 405//1 404//1
f 411//1 412//1 407//1
f 411//1 407//1 406//1
f 413//1 408//1 389//1
f 414//1 415//1 410//1
f 414//1 410//1 409//1
f 416//1 417//1 412//1
f 416//1 412//1 411//1
f 418//1 413//1 389//1
f 419//1 420//1 415//1
f 419//1 415//1 414//1
f 421//1 422//1 417//1
f 421//1 417//1 416//1
f 423//1 418//1 389//1
f 424//1 425//1 420//1
f 424//1 420//1 419//1
f 426//1 427//1 422//1
f 426//1 422//1 421//1
f 428//1 423//1 389//1
f 429//1 430//1 425//1
f 429//1 425//1 424//1
f 431//1 432//1 427//1
f 431//1 427//1 426//1
f 433//1 428//1 389//1
f 434//1 435//1 430//1
f 434//1 430//1 429//1
f 436//1 437//1 432//1
f 436//1 432//1 431//1
f 438//1 433//1 389//1
f 439//1 440//1 435//1
f 439//1 435//1 434//1
f 441//1 442//1 437//1
f 441//1 437//1 436//1
f 443//1 438//1 389//1
f 444//1 445//1 440//1
f 444//1 440//1 439//1
f 446//1 447//1 442//1
f 446//1 442//1 441//1
f 448//1 443//1 389//1
f 449//1 450//1 445//1
f 449//1 445//1 444//1
f 451//1 452//1 447//1
f 451//1 447//1 446//1
f 453//1 448//1 389//1
f 454//1 455//1 450//1
f 454//1 450//1 449//1
f 456//1 457//1 452//1
f 456//1 452//1 451//1
f 458//1 453//1 389//1
f 459//1 460//1 455//1
f 459//1 455//1 454//1
f 461//1 462//1 457//1
f 461//1 457//1 456//1
f 463//1 458//1 389//1
f 464//1 465//1 460//1
f 464//1 460//1 459//1
f 466//1 467//1 462//1
f 466//1 462//1 461//1
f 468//1 463//1 389//1
f 469//1 470//1 465//1
f 469//1 465//1 464//1
f 471//1 472//1 467//1
f 471//1 467//1 466//1
f 473//1 468//1 389//1
f 474//1 475//1 470//1
f 474//1 470//1 469//1
f 476//1 477//1 472//1
f 476//1 472//1 471//1
f 478//1 473//1 389//1
f 479//1 480//1 475//1
f 479//1 475//1 474//1
f 481//1 482//1 477//1
f 481//1 477//1 476//1
f 483//1 478//1 389//1
f 484//1 485//1 480//1
f 484//1 480//1 479//1
f 486//1 487//1 482//1
f 486//1 482//1 481//1
f 488//1 483//1 389//1
f 489//1 490//1 485//1
f 489//1 485//1 484//1
f 491//1 492//1 487//1
f 491//1 487//1 486//1
f 493//1 488//1 389//1
f 494//1 495//1 490//1
f 494//1 490//1 489//1
f 496//1 497//1 492//1
f 496//1 492//1 491//1
f 498//1 493//1 389//1
f 499//1 500//1 495//1
f 499//1 495//1 494//1
f 501//1 502//1 497//1
f 501//1 497//1 496//1
f 503//1 498//1 389//1
f 504//1 505//1 500//1
f 504//1 500//1 499//1
f 506//1 507//1 502//1
f 506//1 502//1 501//1
f 508//1 503//1 389//1
f 509//1 510//1 505//1
f 509//1 505//1 504//1
f 511//1 512//1 507//1
f 511//1 507//1 506//1
f 513//1 508//1 389//1
f 514//1 515//1 510//1
f 514//1 510//1 509//1
f 516//1 517//1 512//1
f 516//1 512//1 511//1
f 518//1 513//1 389//1
f 519//1 520//1 515//1
f 519//1 515//1 514//1
f 521//1 522//1 517//1
f 521//1 517//1 516//1
f 523//1 518//1 389//1
f 524//1 525//1 520//1
f 524//1 520//1 519//1
f 526//1 527//1 522//1
f 526//1 522//1 521//1
f 528//1 523//1 389//1
f 529//1 530//1 525//1
f 529//1 525//1 524//1
f 531//1 532//1 527//1
f 531//1 527//1 526//1
f 533//1 528//1 389//1
f 534//1 535//1 530//1
f 534//1 530//1 529//1
f 536//1 537//1 532//1
f 536//1 532//1 531//1
f 538//1 533//1 389//1
f 539//1 540//1 535//1
f 539//1 535//1 534//1
f 541//1 542//1 537//1
f 541//1 537//1 536//1
f 543//1 538//1 389//1
f 544//1 545//1 540//1
f 544//1 540//1 539//1
f 546//1 547//1 542//1
f 546//1 542//1 541//1
f 388//1 543//1 389//1
f 391//1 393//1 545//1
f 391//1 545//1 544//1
f 395//1 397//1 547//1
f 395//1 547//1 546//1
f 548//2 549//2 550//2
f 551//2 553//2 554//2
f 551//2 554//2 552//2
f 555//2 557//2 558//2
f 555//2 558//2 556//2
f 548//2 550//2 563//2
f 552//2 554//2 565//2
f 552//2 565//2 564//2
f 556//2 558//2 567//2
f 556//2 567//2 566//2
f 548//2 563//2 570//2
f 564//2 565//2 572//2
f 564//2 572//2 571//2
f 566//2 567//2 574//2
f 566//2 574//2 573//2
f 548//2 570//2 577//2
f 571//2 572//2 579//2
f 571//2 579//2 578//2
f 573//2 574//2 581//2
f 573//2 581//2 580//2
f 548//2 577//2 584//2
f 578//2 579//2 586//2
f 578//2 586//2 585//2
f 580//2 581//2 588//2
f 580//2 588//2 587//2
f 548//2 584//2 591//2
f 585//2 586//2 593//2
f 585//2 593//2 592//2
f 587//2 588//2 595//2
f 587//2 595//2 594//2
f 548//2 591//2 598//2
f 592//2 593//2 600//2
f 592//2 600//2 599//2
f 594//2 595//2 602//2
f 594//2 602//2 601//2
f 548//2 598//2 605//2
f 599//2 600//2 607//2
f 599//2 607//2 606//2
f 601//2 602//2 609//2
f 601//2 609//2 608//2
f 548//2 605//2 612//2
f 606//2 607//2 614//2
f 606//2 614//2 613//2
f 608//2 609//2 616//2
f 608//2 616//2 615//2
f 548//2 612//2 619//2
f 613//2 614//2 621//2
f 613//2 621//2 620//2
f 615//2 616//2 623//2
f 615//2 623//2 622//2
f 548//2 619//2 626//2
f 620//2 621//2 628//2
f 620//2 628//2 627//2
f 622//2 623//2 630//2
f 622//2 630//2 629//2
f 548//2 626//2 633//2
f 627//2 628//2 635//2
f 627//2 635//2 634//2
f 629//2 630//2 637//2
f 629//2 637//2 636//2
f 548//2 633//2 640//2
f 634//2 635//2 642//2
f 634//2 642//2 641//2
f 636//2 637//2 644//2
f 636//2 644//2 643//2
f 548//2 640//2 647//2
f 641//2 642//2 649//2
f 641//2 649//2 648//2
f 643//2 644//2 651//2
f 643//2 651//2 650//2
f 548//2 647//2 654//2
f 648//2 649//2 656//2
f 648//2 656//2 655//2
f 650//2 651//2 658//2
f 650//2 658//2 657//2
f 548//2 654//2 661//2
f 655//2 656//2 663//2
f 655//2 663//2 662//2
f 657//2 658//2 665//2
f 657//2 665//2 664//2
f 548//2 661//2 668//2
f 662//2 663//2 670//2
f 662//2 670//2 669//2
f 664//2 665//2 672//2
f 664//2 672//2 671//2
f 548//2 668//2 675//2
f 669//2 670//2 677//2
f 669//2 677//2 676//2
f 671//2 672//2 679//2
f 671//2 679//2 678//2
f 548//2 675//2 682//2
f 676//2 677//2 684//2
f 676//2 684//2 683//2
f 678//2 679//2 686//2
f 678//2 686//2 685//2
f 548//2 682//2 689//2
f 683//2 684//2 691//2
f 683//2 691//2 690//2
f 685//2 686//2 693//2
f 685//2 693//2 692//2
f 548//2 689//2 696//2
f 690//2 691//2 698//2
f 690//2 698//2 697//2
f 692//2 693//2 700//2
f 692//2 700//2 699//2
f 548//2 696//2 703//2
f 697//2 698//2 705//2
f 697//2 705//2 704//2
f 699//2 700//2 707//2
f 699//2 707//2 706//2
f 548//2 703//2 710//2
f 704//2 705//2 712//2
f 704//2 712//2 711//2
f 706//2 707//2 714//2
f 706//2 714//2 713//2
f 548//2 710//2 717//2
f 711//2 712//2 719//2
f 711//2 719//2 718//2
f 713//2 714//2 721//2
f 713//2 721//2 720//2
f 548//2 717//2 724//2
f 718//2 719//2 726//2
f 718//2 726//2 725//2
f 720//2 721//2 728//2
f 720//2 728//2 727//2
f 548//2 724//2 731//2
f 725//2 726//2 733//2
f 725//2 733//2 732//2
f 727//2 728//2 735//2
f 727//2 735//2 734//2
f 548//2 731//2 738//2
f 732//2 733//2 740//2
f 732//2 740//2 739//2
f 734//2 735//2 742//2
f 734//2 742//2 741//2
f 548//2 738//2 745//2
f 739//2 740//2 747//2
f 739//2 747//2 746//2
f 741//2 742//2 749//2
f 741//2 749//2 748//2
f 548//2 745//2 752//2
f 746//2 747//2 754//2
f 746//2 754//2 753//2
f 748//2 749//2 756//2
f 748//2 756//2 755//2
f 548//2 752//2 759//2
f 753//2 754//2 761//2
f 753//2 761//2 760//2
f 755//2 756//2 763//2
f 755//2 763//2 762//2
f 548//2 759//2 766//2
f 760//2 761//2 768//2
f 760//2 768//2 767//2
f 762//2 763//2 770//2
f 762//2 770//2 769//2
f 548//2 766//2 549//2
f 767//2 768//2 553//2
f 767//2 553//2 551//2
f 769//2 770//2 557//2
f 769//2 557//2 555//2
f 773//35 774//35 775//35
f 773//36 776//36 774//36
f 773//37 777//37 776//37
f 773//38 778//38 777//38
f 773//39 779//39 778//39
f 773//40 780//40 779//40
f 773//41 781//41 780//41
f 773//42 782//42 781//42
f 773//43 783//43 782//43
f 773//44 784//44 783//44
f 773//45 785//45 784//45
f 773//46 786//46 785//46
f 773//47 787//47 786//47
f 773//48 788//48 787//48
f 773//49 789//49 788//49
f 773//50 790//50 789//50
f 773//51 791//51 790//51
f 773//52 792//52 791//52
f 773//53 793//53 792//53
f 773//54 794//54 793//54
f 773//55 795//55 794//55
f 773//56 796//56 795//56
f 773//57 797//57 796//57
f 773//58 798//58 797//58
f 773//59 799//59 798//59
f 773//60 800//60 799//60
f 773//61 801//61 800//61
f 773//62 802//62 801//62
f 773//63 803//63 802//63
f 773//64 804//64 803//64
f 773//65 805//65 804//65
f 773//66 775//66 805//66
f 775//67 774//67 806//67
f 775//67 806//67 807//67
f 774//68 776//68 808//68
f 774//68 808//68 806//68
f 776//69 777//69 809//69
f 776//69 809//69 808//69
f 777//70 778//70 810//70
f 777//70 810//70 809//70
f 778//71 779//71 811//71
f 778//71 811//71 810//71
f 779//72 780//72 812//72
f 779//72 812//72 811//72
f 780//73 781//73 813//73
f 780//73 813//73 812//73
f 781//74 782//74 814//74
f 781//74 814//74 813//74
f 782//75 783//75 815//75
f 782//75 815//75 814//75
f 783//76 784//76 816//76
f 783//76 816//76 815//76
f 784//77 785//77 817//77
f 784//77 817//77 816//77
f 785//78 786//78 818//78
f 785//78 818//78 817//78
f 786//79 787//79 819//79
f 786//79 819//79 818//79
f 787//80 788//80 820//80
f 787//80 820//80 819//80
f 788//81 789//81 821//81
f 788//81 821//81 820//81
f 789//82 790//82 822//82
f 789//82 822//82 821//82
f 790//83 791//83 823//83
f 790//83 823//83 822//83
f 791//84 792//84 824//84
f 791//84 824//84 823//84
f 792//85 793//85 825//85
f 792//85 825//85 824//85
f 793//86 794//86 826//86
f 793//86 826//86 825//86
f 794//87 795//87 827//87
f 794//87 827//87 826//87
f 795//88 796//88 828//88
f 795//88 828//88 827//88
f 796//89 797//89 829//89
f 796//89 829//89 828//89
f 797//90 798//90 830//90
f 797//90 830//90 829//90
f 798//91 799//91 831//91
f 798//91 831//91 830//91
f 799//92 800//92 832//92
f 799//92 832//92 831//92
f 800//93 801//93 833//93
f 800//93 833//93 832//93
f 801//94 802//94 834//94
f 801//94 834//94 833//94
f 802//95 803//95 835//95
f 802//95 835//95 834//95
f 803//96 804//96 836//96
f 803//96 836//96 835//96
f 804//97 805//97 837//97
f 804//97 837//97 836//97
f 805//98 775//98 807//98
f 805//98 807//98 837//98
f 807//99 806//99 838//99
f 807//99 838//99 839//99
f 806//100 808//100 840//100
f 806//100 840//100 838//100
f 808//101 809//101 841//101
f 808//101 841//101 840//101
f 809//102 810//102 842//102
f 809//102 842//102 841//102
f 810//103 811//103 843//103
f 810//103 843//103 842//103
f 811//104 812//104 844//104
f 811//104 844//104 843//104
f 812//105 813//105 845//105
f 812//105 845//105 844//105
f 813//106 814//106 846//106
f 813//106 846//106 845//106
f 814//107 815//107 847//107
f 814//107 847//107 846//107
f 815//108 816//108 848//108
f 815//108 848//108 847//108
f 816//109 817//109 849//109
f 816//109 849//109 848//109
f 817//110 818//110 850//110
f 817//110 850//110 849//110
f 818//111 819//111 851//111
f 818//111 851//111 850//111
f 819//112 820//112 852//112
f 819//112 852//112 851//112
f 820//113 821//113 853//113
f 820//113 853//113 852//113
f 821//114 822//114 854//114
f 821//114 854//114 853//114
f 822//115 823//115 855//115
f 822//115 855//115 854//115
f 823//116 824//116 856//116
f 823//116 856//116 855//116
f 824//117 825//117 857//117
f 824//117 857//117 856//117
f 825//118 826//118 858//118
f 825//118 858//118 857//118
f 826//119 827//119 859//119
f 826//119 859//119 858//119
f 827//120 828//120 860//120
f 827//120 860//120 859//120
f 828//121 829//121 861//121
f 828//121 861//121 860//121
f 829//122 830//122 862//122
f 829//122 862//122 861//122
f 830//123 831//123 863//123
f 830//123 863//123 862//123
f 831//124 832//124 864//124
f 831//124 864//124 863//124
f 832//125 833//125 865//125
f 832//125 865//125 864//125
f 833//126 834//126 866//126
f 833//126 866//126 865//126
f 834//127 835//127 867//127
f 834//127 867//127 866//127
f 835//128 836//128 868//128
f 835//128 868//128 867//128
f 836//129 837//129 869//129
f 836//129 869//129 868//129
f 837//130 807//130 839//130
f 837//130 839//130 869//130
f 839//131 838//131 870//131
f 839//131 870//131 871//131
f 838//132 840//132 872//132
f 838//132 872//132 870//132
f 840//133 841//133 873//133
f 840//133 873//133 872//133
f 841//134 842//134 874//134
f 841//134 874//134 873//134
f 842//135 843//135 875//135
f 842//135 875//135 874//135
f 843//136 844//136 876//136
f 843//136 876//136 875//136
f 844//137 845//137 877//137
f 844//137 877//137 876//137
f 845//138 846//138 878//138
f 845//138 878//138 877//138
f 846//139 847//139 879//139
f 846//139 879//139 878//139
f 847//140 848//140 880//140
f 847//140 880//140 879//140
f 848//141 849//141 881//141
f 848//141 881//141 880//141
f 849//142 850//142 882//142
f 849//142 882//142 881//142
f 850//143 851//143 883//143
f 850//143 883//143 882//143
f 851//144 852//144 884//144
f 851//144 884//144 883//144
f 852//145 853//145 885//145
f 852//145 885//145 884//145
f 853//146 854//146 886//146
f 853//146 886//146 885//146
f 854//147 855//147 887//147
f 854//147 887//147 886//147
f 855//148 856//148 888//148
f 855//148 888//148 887//148
f 856//149 857//149 889//149
f 856//149 889//149 888//149
f 857//150 858//150 890//150
f 857//150 890//150 889//150
f 858//151 859//151 891//151
f 858//151 891//151 890//151
f 859//152 860//152 892//152
f 859//152 892//152 891//152
f 860//153 861//153 893//153
f 860//153 893//153 892//153
f 861//154 862//154 894//154
f 861//154 894//154 893//154
f 862//155 863//155 895//155
f 862//155 895//155 894//155
f 863//156 864//156 896//156
f 863//156 896//156 895//156
f 864//157 865//157 897//157
f 864//157 897//157 896//157
f 865//158 866//158 898//158
f 865//158 898//158 897//158
f 866//159 867//159 899//159
f 866//159 899//159 898//159
f 867//160 868//160 900//160
f 867//160 900//160 899//160
f 868//161 869//161 901//161
f 868//161 901//161 900//161
f 869//162 839//162 871//162
f 869//162 871//162 901//162
f 871//163 870//163 902//163
f 871//163 902//163 903//163
f 870//164 872//164 904//164
f 870//164 904//164 902//164
f 872//165 873//165 905//165
f 872//165 905//165 904//165
f 873//166 874//166 906//166
f 873//166 906//166 905//166
f 874//167 875//167 907//167
f 874//167 907//167 906//167
f 875//168 876//168 908//168
f 875//168 908//168 907//168
f 876//169 877//169 909//169
f 876//169 909//169 908//169
f 877//170 878//170 910//170
f 877//170 910//170 909//170
f 878//171 879//171 911//171
f 878//171 911//171 910//171
f 879//172 880//172 912//172
f 879//172 912//172 911//172
f 880//173 881//173 913//173
f 880//173 913//173 912//173
f 881//174 882//174 914//174
f 881//174 914//174 913//174
f 882//175 883//175 915//175
f 882//175 915//175 914//175
f 883//176 884//176 916//176
f 883//176 916//176 915//176
f 884//177 885//177 917//177
f 884//177 917//177 916//177
f 885//178 886//178 918//178
f 885//178 918//178 917//178
f 886//179 887//179 919//179
f 886//179 919//179 918//179
f 887//180 888//180 920//180
f 887//180 920//180 919//180
f 888//181 889//181 921//181
f 888//181 921//181 920//181
f 889//182 890//182 922//182
f 889//182 922//182 921//182
f 890//183 891//183 923//183
f 890//183 923//183 922//183
f 891//184 892//184 924//184
f 891//184 924//184 923//184
f 892//185 893//185 925//185
f 892//185 925//185 924//185
f 893//186 894//186 926//186
f 893//186 926//186 925//186
f 894//187 895//187 927//187
f 894//187 927//187 926//187
f 895//188 896//188 928//188
f 895//188 928//188 927//188
f 896//189 897//189 929//189
f 896//189 929//189 928//189
f 897//190 898//190 930//190
f 897//190 930//190 929//190
f 898//191 899//191 931//191
f 898//191 931//191 930//191
f 899//192 900//192 932//192
f 899//192 932//192 931//192
f 900//193 901//193 933//193
f 900//193 933//193 932//193
f 901//194 871//194 903//194
f 901//194 903//194 933//194
f 903//195 902//195 934//195
f 903//195 934//195 935//195
f 902//196 904//196 936//196
f 902//196 936//196 934//196
f 904//197 905//197 937//197
f 904//197 937//197 936//197
f 905//198 906//198 938//198
f 905//198 938//198 937//198
f 906//199 907//199 939//199
f 906//199 939//199 938//199
f 907//200 908//200 940//200
f 907//200 940//200 939//200
f 908//201 909//201 941//201
f 908//201 941//201 940//201
f 909//202 910//202 942//202
f 909//202 942//202 941//202
f 910//203 911//203 943//203
f 910//203 943//203 942//203
f 911//204 912//204 944//204
f 911//204 944//204 943//204
f 912//205 913//205 945//205
f 912//205 945//205 944//205
f 913//206 914//206 946//206
f 913//206 946//206 945//206
f 914//207 915//207 947//207
f 914//207 947//207 946//207
f 915//208 916//208 948//208
f 915//208 948//208 947//208
f 916//209 917//209 949//209
f 916//209 949//209 948//209
f 917//210 918//210 950//210
f 917//210 950//210 949//210
f 918//211 919//211 951//211
f 918//211 951//211 950//211
f 919//212 920//212 952//212
f 919//212 952//212 951//212
f 920//213 921//213 953//213
f 920//213 953//213 952//213
f 921//214 922//214 954//214
f 921//214 954//214 953//214
f 922//215 923//215 955//215
f 922//215 955//215 954//215
f 923//216 924//216 956//216
f 923//216 956//216 955//216
f 924//217 925//217 957//217
f 924//217 957//217 956//217
f 925//218 926//218 958//218
f 925//218 958//218 957//218
f 926//219 927//219 959//219
f 926//219 959//219 958//219
f 927//220 928//220 960//220
f 927//220 960//220 959//220
f 928//221 929//221 961//221
f 928//221 961//221 960//221
f 929//222 930//222 962//222
f 929//222 962//222 961//222
f 930//223 931//223 963//223
f 930//223 963//223 962//223
f 931//224 932//224 964//224
f 931//224 964//224 963//224
f 932//225 933//225 965//225
f 932//225 965//225 964//225
f 933//226 903//226 935//226
f 933//226 935//226 965//226
f 935//227 934//227 966//227
f 935//227 966//227 967//227
f 934//228 936//228 968//228
f 934//228 968//228 966//228
f 936//229 937//229 969//229
f 936//229 969//229 968//229
f 937//230 938//230 970//230
f 937//230 970//230 969//230
f 938//231 939//231 971//231
f 938//231 971//231 970//231
f 939//232 940//232 972//232
f 939//232 972//232 971//232
f 940//233 941//233 973//233
f 940//233 973//233 972//233
f 941//234 942//234 974//234
f 941//234 974//234 973//234
f 942//235 943//235 975//235
f 942//235 975//235 974//235
f 943//236 944//236 976//236
f 943//236 976//236 975//236
f 944//237 945//237 977//237
f 944//237 977//237 976//237
f 945//238 946//238 978//238
f 945//238 978//238 977//238
f 946//239 947//239 979//239
f 946//239 979//239 978//239
f 947//240 948//240 980//240
f 947//240 980//240 979//240
f 948//241 949//241 981//241
f 948//241 981//241 980//241
f 949//242 950//242 982//242
f 949//242 982//242 981//242
f 950//243 951//243 983//243
f 950//243 983//243 982//243
f 951//244 952//244 984//244
f 951//244 984//244 983//244
f 952//245 953//245 985//245
f 952//245 985//245 984//245
f 953//246 954//246 986//246
f 953//246 986//246 985//246
f 954//247 955//247 987//247
f 954//247 987//247 986//247
f 955//248 956//248 988//248
f 955//248 988//248 987//248
f 956//249 957//249 989//249
f 956//249 989//249 988//249
f 957//250 958//250 990//250
f 957//250 990//250 989//250
f 958//251 959//251 991//251
f 958//251 991//251 990//251
f 959//252 960//252 992//252
f 959//252 992//252 991//252
f 960//253 961//253 993//253
f 960//253 993//253 992//253
f 961//254 962//254 994//254
f 961//254 994//254 993//254
f 962//255 963//255 995//255
f 962//255 995//255 994//255
f 963//256 964//256 996//256
f 963//256 996//256 995//256
f 964//257 965//257 997//257
f 964//257 997//257 996//257
f 965//258 935//258 967//258
f 965//258 967//258 997//258
f 967//259 966//259 998//259
f 967//259 998//259 999//259
f 966//260 968//260 1000//260
f 966//260 1000//260 998//260
f 968//261 969//261 1001//261
f 968//261 1001//261 1000//261
f 969//262 970//262 1002//262
f 969//262 1002//262 1001//262
f 970//263 971//263 1003//263
f 970//263 1003//263 1002//263
f 971//264 972//264 1004//264
f 971//264 1004//264 1003//264
f 972//265 973//265 1005//265
f 972//265 1005//265 1004//265
f 973//266 974//266 1006//266
f 973//266 1006//266 1005//266
f 974//267 975//267 1007//267
f 974//267 1007//267 1006//267
f 975//268 976//268 1008//268
f 975//268 1008//268 1007//268
f 976//269 977//269 1009//269
f 976//269 1009//269 1008//269
f 977//270 978//270 1010//270
f 977//270 1010//270 1009//270
f 978//271 979//271 1011//271
f 978//271 1011//271 1010//271
f 979//272 980//272 1012//272
f 979//272 1012//272 1011//272
f 980//273 981//273 1013//273
f 980//273 1013//273 1012//273
f 981//274 982//274 1014//274
f 981//274 1014//274 1013//274
f 982//275 983//275 1015//275
f 982//275 1015//275 1014//275
f 983//276 984//276 1016//276
f 983//276 1016//276 1015//276
f 984//277 985//277 1017//277
f 984//277 1017//277 1016//277
f 985//278 986//278 1018//278
f 985//278 1018//278 1017//278
f 986//279 987//279 1019//279
f 986//279 1019//279 1018//279
f 987//280 988//280 1020//280
f 987//280 1020//280 1019//280
f 988//281 989//281 1021//281
f 988//281 1021//281 1020//281
f 989//282 990//282 1022//282
f 989//282 1022//282 1021//282
f 990//283 991//283 1023//283
f 990//283 1023//283 1022//283
f 991//284 992//284 1024//284
f 991//284 1024//284 1023//284
f 992//285 993//285 1025//285
f 992//285 1025//285 1024//285
f 993//286 994//286 1026//286
f 993//286 1026//286 1025//286
f 994//287 995//287 1027//287
f 994//287 1027//287 1026//287
f 995//288 996//288 1028//288
f 995//288 1028//288 1027//288
f 996//289 997//289 1029//289
f 996//289 1029//289 1028//289
f 997//290 967//290 999//290
f 997//290 999//290 1029//290
f 999//291 998//291 1030//291
f 999//291 1030//291 1031//291
f 998//292 1000//292 1032//292
f 998//292 1032//292 1030//292
f 1000//293 1001//293 1033//293
f 1000//293 1033//293 1032//293
f 1001//294 1002//294 1034//294
f 1001//294 1034//294 1033//294
f 1002//295 1003//295 1035//295
f 1002//295 1035//295 1034//295
f 1003//296 1004//296 1036//296
f 1003//296 1036//296 1035//296
f 1004//297 1005//297 1037//297
f 1004//297 1037//297 1036//297
f 1005//298 1006//298 1038//298
f 1005//298 1038//298 1037//298
f 1006//299 1007//299 1039//299
f 1006//299 1039//299 1038//299
f 1007//300 1008//300 1040//300
f 1007//300 1040//300 1039//300
f 1008//301 1009//301 1041//301
f 1008//301 1041//301 1040//301
f 1009//302 1010//302 1042//302
f 1009//302 1042//302 1041//302
f 1010//303 1011//303 1043//303
f 1010//303 1043//303 1042//303
f 1011//304 1012//304 1044//304
f 1011//304 1044//304 1043//304
f 1012//305 1013//305 1045//305
f 1012//305 1045//305 1044//305
f 1013//306 1014//306 1046//306
f 1013//306 1046//306 1045//306
f 1014//307 1015//307 1047//307
f 1014//307 1047//307 1046//307
f 1015//308 1016//308 1048//308
f 1015//308 1048//308 1047//308
f 1016//309 1017//309 1049//309
f 1016//309 1049//309 1048//309
f 1017//310 1018//310 1050//310
f 1017//310 1050//310 1049//310
f 1018//311 1019//311 1051//311
f 1018//311 1051//311 1050//311
f 1019//312 1020//312 1052//312
f 1019//312 1052//312 1051//312
f 1020//313 1021//313 1053//313
f 1020//313 1053//313 1052//313
f 1021//314 1022//314 1054//314
f 1021//314 1054//314 1053//314
f 1022//315 1023//315 1055//315
f 1022//315 1055//315 1054//315
f 1023//316 1024//316 1056//316
f 1023//316 1056//316 1055//316
f 1024//317 1025//317 1057//317
f 1024//317 1057//317 1056//317
f 1025//318 1026//318 1058//318
f 1025//318 1058//318 1057//318
f 1026//319 1027//319 1059//319
f 1026//319 1059//319 1058//319
f 1027//320 1028//320 1060//320
f 1027//320 1060//320 1059//320
f 1028//321 1029//321 1061//321
f 1028//321 1061//321 1060//321
f 1029//322 999//322 1031//322
f 1029//322 1031//322 1061//322
f 1031//323 1030//323 1062//323
f 1030//324 1032//324 1062//324
f 1032//325 1033//325 1062//325
f 1033//326 1034//326 1062//326
f 1034//327 1035//327 1062//327
f 1035//328 1036//328 1062//328
f 1036//329 1037//329 1062//329
f 1037//330 1038//330 1062//330
f 1038//331 1039//331 1062//331
f 1039//332 1040//332 1062//332
f 1040//333 1041//333 1062//333
f 1041//334 1042//334 1062//334
f 1042//335 1043//335 1062//335
f 1043//336 1044//336 1062//336
f 1044//337 1045//337 1062//337
f 1045//338 1046//338 1062//338
f 1046//339 1047//339 1062//339
f 1047//340 1048//340 1062//340
f 1048//341 1049//341 1062//341
f 1049//342 1050//342 1062//342
f 1050//343 1051//343 1062//343
f 1051//344 1052//344 1062//344
f 1052//345 1053//345 1062//345
f 1053//346 1054//346 1062//346
f 1054//347 1055//347 1062//347
f 1055//348 1056//348 1062//348
f 1056//349 1057//349 1062//349
f 1057//350 1058//350 1062//350
f 1058//351 1059//351 1062//351
f 1059//352 1060//352 1062//352
f 1060//353 1061//353 1062//353
f 1061//354 1031//354 1062//354
f 1063//355 1064//355 1065//355
f 1063//356 1066//356 1064//356
f 1063//357 1067//357 1066//357
f 1063//358 1068//358 1067//358
f 1063//359 1069//359 1068//359
f 1063//360 1070//360 1069//360
f 1063//361 1071//361 1070//361
f 1063//362 1072//362 1071//362
f 1063//363 1073//363 1072//363
f 1063//364 1074//364 1073//364
f 1063//365 1075//365 1074//365
f 1063//366 1076//366 1075//366
f 1063//367 1077//367 1076//367
f 1063//368 1078//368 1077//368
f 1063//369 1079//369 1078//369
f 1063//370 1080//370 1079//370
f 1063//371 1081//371 1080//371
f 1063//372 1082//372 1081//372
f 1063//373 1083//373 1082//373
f 1063//374 1084//374 1083//374
f 1063//375 1085//375 1084//375
f 1063//376 1086//376 1085//376
f 1063//377 1087//377 1086//377
f 1063//378 1088//378 1087//378
f 1063//379 1089//379 1088//379
f 1063//380 1090//380 1089//380
f 1063//381 1091//381 1090//381
f 1063//382 1092//382 1091//382
f 1063//383 1093//383 1092//383
f 1063//384 1094//384 1093//384
f 1063//385 1095//385 1094//385
f 1063//386 1065//386 1095//386
f 1065//387 1064//387 1096//387
f 1065//387 1096//387 1097//387
f 1064//388 1066//388 1098//388
f 1064//388 1098//388 1096//388
f 1066//389 1067//389 1099//389
f 1066//389 1099//389 1098//389
f 1067//390 1068//390 1100//390
f 1067//390 1100//390 1099//390
f 1068//391 1069//391 1101//391
f 1068//391 1101//391 1100//391
f 1069//392 1070//392 1102//392
f 1069//392 1102//392 1101//392
f 1070//393 1071//393 1103//393
f 1070//393 1103//393 1102//393
f 1071//394 1072//394 1104//394
f 1071//394 1104//394 1103//394
f 1072//395 1073//395 1105//395
f 1072//395 1105//395 1104//395
f 1073//396 1074//396 1106//396
f 1073//396 1106//396 1105//396
f 1074//397 1075//397 1107//397
f 1074//397 1107//397 1106//397
f 1075//398 1076//398 1108//398
f 1075//398 1108//398 1107//398
f 1076//399 1077//399 1109//399
f 1076//399 1109//399 1108//399
f 1077//400 1078//400 1110//400
f 1077//400 1110//400 1109//400
f 1078//401 1079//401 1111//401
f 1078//401 1111//401 1110//401
f 1079//402 1080//402 1112//402
f 1079//402 1112//402 1111//402
f 1080//403 1081//403 1113//403
f 1080//403 1113//403 1112//403
f 1081//404 1082//404 1114//404
f 1081//404 1114//404 1113//404
f 1082//405 1083//405 1115//405
f 1082//405 1115//405 1114//405
f 1083//406 1084//406 1116//406
f 1083//406 1116//406 1115//406
f 1084//407 1085//407 1117//407
f 1084//407 1117//407 1116//407
f 1085//408 1086//408 1118//408
f 1085//408 1118//408 1117//408
f 1086//409 1087//409 1119//409
f 1086//409 1119//409 1118//409
f 1087//410 1088//410 1120//410
f 1087//410 1120//410 1119//410
f 1088//411 1089//411 1121//411
f 1088//411 1121//411 1120//411
f 1089//412 1090//412 1122//412
f 1089//412 1122//412 1121//412
f 1090//413 1091//413 1123//413
f 1090//413 1123//413 1122//413
f 1091//414 1092//414 1124//414
f 1091//414 1124//414 1123//414
f 1092//415 1093//415 1125//415
f 1092//415 1125//415 1124//415
f 1093//416 1094//416 1126//416
f 1093//416 1126//416 1125//416
f 1094//417 1095//417 1127//417
f 1094//417 1127//417 1126//417
f 1095//418 1065//418 1097//418
f 1095//418 1097//418 1127//418
f 1097//419 1096//419 1128//419
f 1097//419 1128//419 1129//419
f 1096//420 1098//420 1130//420
f 1096//420 1130//420 1128//420
f 1098//421 1099//421 1131//421
f 1098//421 1131//421 1130//421
f 1099//422 1100//422 1132//422
f 1099//422 1132//422 1131//422
f 1100//423 1101//423 1133//423
f 1100//423 1133//423 1132//423
f 1101//424 1102//424 1134//424
f 1101//424 1134//424 1133//424
f 1102//425 1103//425 1135//425
f 1102//425 1135//425 1134//425
f 1103//426 1104//426 1136//426
f 1103//426 1136//426 1135//426
f 1104//427 1105//427 1137//427
f 1104//427 1137//427 1136//427
f 1105//428 1106//428 1138//428
f 1105//428 1138//428 1137//428
f 1106//429 1107//429 1139//429
f 1106//429 1139//429 1138//429
f 1107//430 1108//430 1140//430
f 1107//430 1140//430 1139//430
f 1108//431 1109//431 1141//431
f 1108//431 1141//431 1140//431
f 1109//432 1110//432 1142//432
f 1109//432 1142//432 1141//432
f 1110//433 1111//433 1143//433
f 1110//433 1143//433 1142//433
f 1111//434 1112//434 1144//434
f 1111//434 1144//434 1143//434
f 1112//435 1113//435 1145//435
f 1112//435 1145//435 1144//435
f 1113//436 1114//436 1146//436
f 1113//436 1146//436 1145//436
f 1114//437 1115//437 1147//437
f 1114//437 1147//437 1146//437
f 1115//438 1116//438 1148//438
f 1115//438 1148//438 1147//438
f 1116//439 1117//439 1149//439
f 1116//439 1149//439 1148//439
f 1117//440 1118//440 1150//440
f 1117//440 1150//440 1149//440
f 1118//441 1119//441 1151//441
f 1118//441 1151//441 1150//441
f 1119//442 1120//442 1152//442
f 1119//442 1152//442 1151//442
f 1120//443 1121//443 1153//443
f 1120//443 1153//443 1152//443
f 1121//444 1122//444 1154//444
f 1121//444 1154//444 1153//444
f 1122//445 1123//445 1155//445
f 1122//445 1155//445 1154//445
f 1123//446 1124//446 1156//446
f 1123//446 1156//446 1155//446
f 1124//447 1125//447 1157//447
f 1124//447 1157//447 1156//447
f 1125//448 1126//448 1158//448
f 1125//448 1158//448 1157//448
f 1126//449 1127//449 1159//449
f 1126//449 1159//449 1158//449
f 1127//450 1097//450 1129//450
f 1127//450 1129//450 1159//450
f 1129//451 1128//451 1160//451
f 1129//451 1160//451 1161//451
f 1128//452 1130//452 1162//452
f 1128//452 1162//452 1160//452
f 1130//453 1131//453 1163//453
f 1130//453 1163//453 1162//453
f 1131//454 1132//454 1164//454
f 1131//454 1164//454 1163//454
f 1132//455 1133//455 1165//455
f 1132//455 1165//455 1164//455
f 1133//456 1134//456 1166//456
f 1133//456 1166//456 1165//456
f 1134//457 1135//457 1167//457
f 1134//457 1167//457 1166//457
f 1135//458 1136//458 1168//458
f 1135//458 1168//458 1167//458
f 1136//459 1137//459 1169//459
f 1136//459 1169//459 1168//459
f 1137//460 1138//460 1170//460
f 1137//460 1170//460 1169//460
f 1138//461 1139//461 1171//461
f 1138//461 1171//461 1170//461
f 1139//462 1140//462 1172//462
f 1139//462 1172//462 1171//462
f 1140//463 1141//463 1173//463
f 1140//463 1173//463 1172//463
f 1141//464 1142//464 1174//464
f 1141//464 1174//464 1173//464
f 1142//465 1143//465 1175//465
f 1142//465 1175//465 1174//465
f 1143//466 1144//466 1176//466
f 1143//466 1176//466 1175//466
f 1144//467 1145//467 1177//467
f 1144//467 1177//467 1176//467
f 1145//468 1146//468 1178//468
f 1145//468 1178//468 1177//468
f 1146//469 1147//469 1179//469
f 1146//469 1179//469 1178//469
f 1147//470 1148//470 1180//470
f 1147//470 1180//470 1179//470
f 1148//471 1149//471 1181//471
f 1148//471 1181//471 1180//471
f 1149//472 1150//472 1182//472
f 1149//472 1182//472 1181//472
f 1150//473 1151//473 1183//473
f 1150//473 1183//473 1182//473
f 1151//474 1152//474 1184//474
f 1151//474 1184//474 1183//474
f 1152//475 1153//475 1185//475
f 1152//475 1185//475 1184//475
f 1153//476 1154//476 1186//476
f 1153//476 1186//476 1185//476
f 1154//477 1155//477 1187//477
f 1154//477 1187//477 1186//477
f 1155//478 1156//478 1188//478
f 1155//478 1188//478 1187//478
f 1156//479 1157//479 1189//479
f 1156//479 1189//479 1188//479
f 1157//480 1158//480 1190//480
f 1157//480 1190//480 1189//480
f 1158//481 1159//481 1191//481
f 1158//481 1191//481 1190//481
f 1159//482 1129//482 1161//482
f 1159//482 1161//482 1191//482
f 1161//483 1160//483 1192//483
f 1161//483 1192//483 1193//483
f 1160//484 1162//484 1194//484
f 1160//484 1194//484 1192//484
f 1162//485 1163//485 1195//485
f 1162//485 1195//485 1194//485
f 1163//486 1164//486 1196//486
f 1163//486 1196//486 1195//486
f 1164//487 1165//487 1197//487
f 1164//487 1197//487 1196//487
f 1165//488 1166//488 1198//488
f 1165//488 1198//488 1197//488
f 1166//489 1167//489 1199//489
f 1166//489 1199//489 1198//489
f 1167//490 1168//490 1200//490
f 1167//490 1200//490 1199//490
f 1168//491 1169//491 1201//491
f 1168//491 1201//491 1200//491
f 1169//492 1170//492 1202//492
f 1169//492 1202//492 1201//492
f 1170//493 1171//493 1203//493
f 1170//493 1203//493 1202//493
f 1171//494 1172//494 1204//494
f 1171//494 1204//494 1203//494
f 1172//495 1173//495 1205//495
f 1172//495 1205//495 1204//495
f 1173//496 1174//496 1206//496
f 1173//496 1206//496 1205//496
f 1174//497 1175//497 1207//497
f 1174//497 1207//497 1206//497
f 1175//498 1176//498 1208//498
f 1175//498 1208//498 1207//498
f 1176//499 1177//499 1209//499
f 1176//499 1209//499 1208//499
f 1177//500 1178//500 1210//500
f 1177//500 1210//500 1209//500
f 1178//501 1179//501 1211//501
f 1178//501 1211//501 1210//501
f 1179//502 1180//502 1212//502
f 1179//502 1212//502 1211//502
f 1180//503 1181//503 1213//503
f 1180//503 1213//503 1212//503
f 1181//504 1182//504 1214//504
f 1181//504 1214//504 1213//504
f 1182//505 1183//505 1215//505
f 1182//505 1215//505 1214//505
f 1183//506 1184//506 1216//506
f 1183//506 1216//506 1215//506
f 1184//507 1185//507 1217//507
f 1184//507 1217//507 1216//507
f 1185//508 1186//508 1218//508
f 1185//508 1218//508 1217//508
f 1186//509 1187//509 1219//509
f 1186//509 1219//509 1218//509
f 1187//510 1188//510 1220//510
f 1187//510 1220//510 1219//510
f 1188//511 1189//511 1221//511
f 1188//511 1221//511 1220//511
f 1189//512 1190//512 1222//512
f 1189//512 1222//512 1221//512
f 1190//513 1191//513 1223//513
f 1190//513 1223//513 1222//513
f 1191//514 1161//514 1193//514
f 1191//514 1193//514 1223//514
f 1193//515 1192//515 1224//515
f 1193//515 1224//515 1225//515
f 1192//516 1194//516 1226//516
f 1192//516 1226//516 1224//516
f 1194//517 1195//517 1227//517
f 1194//517 1227//517 1226//517
f 1195//518 1196//518 1228//518
f 1195//518 1228//518 1227//518
f 1196//519 1197//519 1229//519
f 1196//519 1229//519 1228//519
f 1197//520 1198//520 1230//520
f 1197//520 1230//520 1229//520
f 1198//521 1199//521 1231//521
f 1198//521 1231//521 1230//521
f 1199//522 1200//522 1232//522
f 1199//522 1232//522 1231//522
f 1200//523 1201//523 1233//523
f 1200//523 1233//523 1232//523
f 1201//524 1202//524 1234//524
f 1201//524 1234//524 1233//524
f 1202//525 1203//525 1235//525
f 1202//525 1235//525 1234//525
f 1203//526 1204//526 1236//526
f 1203//526 1236//526 1235//526
f 1204//527 1205//527 1237//527
f 1204//527 1237//527 1236//527
f 1205//528 1206//528 1238//528
f 1205//528 1238//528 1237//528
f 1206//529 1207//529 1239//529
f 1206//529 1239//529 1238//529
f 1207//530 1208//530 1240//530
f 1207//530 1240//530 1239//530
f 1208//531 1209//531 1241//531
f 1208//531 1241//531 1240//531
f 1209//532 1210//532 1242//532
f 1209//532 1242//532 1241//532
f 1210//533 1211//533 1243//533
f 1210//533 1243//533 1242//533
f 1211//534 1212//534 1244//534
f 1211//534 1244//534 1243//534
f 1212//535 1213//535 1245//535
f 1212//535 1245//535 1244//535
f 1213//536 1214//536 1246//536
f 1213//536 1246//536 1245//536
f 1214//537 1215//537 1247//537
f 1214//537 1247//537 1246//537
f 1215//538 1216//538 1248//538
f 1215//538 1248//538 1247//538
f 1216//539 1217//539 1249//539
f 1216//539 1249//539 1248//539
f 1217//540 1218//540 1250//540
f 1217//540 1250//540 1249//540
f 1218//541 1219//541 1251//541
f 1218//541 1251//541 1250//541
f 1219//542 1220//542 1252//542
f 1219//542 1252//542 1251//542
f 1220//543 1221//543 1253//543
f 1220//543 1253//543 1252//543
f 1221//544 1222//544 1254//544
f 1221//544 1254//544 1253//544
f 1222//545 1223//545 1255//545
f 1222//545 1255//545 1254//545
f 1223//546 1193//546 1225//546
f 1223//546 1225//546 1255//546
f 1225//547 1224//547 1256//547
f 1225//547 1256//547 1257//547
f 1224//548 1226//548 1258//548
f 1224//548 1258//548 1256//548
f 1226//549 1227//549 1259//549
f 1226//549 1259//549 1258//549
f 1227//550 1228//550 1260//550
f 1227//550 1260//550 1259//550
f 1228//551 1229//551 1261//551
f 1228//551 1261//551 1260//551
f 1229//552 1230//552 1262//552
f 1229//552 1262//552 1261//552
f 1230//553 1231//553 1263//553
f 1230//553 1263//553 1262//553
f 1231//554 1232//554 1264//554
f 1231//554 1264//554 1263//554
f 1232//555 1233//555 1265//555
f 1232//555 1265//555 1264//555
f 1233//556 1234//556 1266//556
f 1233//556 1266//556 1265//556
f 1234//557 1235//557 1267//557
f 1234//557 1267//557 1266//557
f 1235//558 1236//558 1268//558
f 1235//558 1268//558 1267//558
f 1236//559 1237//559 1269//559
f 1236//559 1269//559 1268//559
f 1237//560 1238//560 1270//560
f 1237//560 1270//560 1269//560
f 1238//561 1239//561 1271//561
f 1238//561 1271//561 1270//561
f 1239//562 1240//562 1272//562
f 1239//562 1272//562 1271//562
f 1240//563 1241//563 1273//563
f 1240//563 1273//563 1272//563
f 1241//564 1242//564 1274//564
f 1241//564 1274//564 1273//564
f 1242//565 1243//565 1275//565
f 1242//565 1275//565 1274//565
f 1243//566 1244//566 1276//566
f 1243//566 1276//566 1275//566
f 1244//567 1245//567 1277//567
f 1244//567 1277//567 1276//567
f 1245//568 1246//568 1278//568
f 1245//568 1278//568 1277//568
f 1246//569 1247//569 1279//569
f 1246//569 1279//569 1278//569
f 1247//570 1248//570 1280//570
f 1247//570 1280//570 1279//570
f 1248//571 1249//571 1281//571
f 1248//571 1281//571 1280//571
f 1249//572 1250//572 1282//572
f 1249//572 1282//572 1281//572
f 1250//573 1251//573 1283//573
f 1250//573 1283//573 1282//573
f 1251//574 1252//574 1284//574
f 1251//574 1284//574 1283//574
f 1252//575 1253//575 1285//575
f 1252//575 1285//575 1284//575
f 1253//576 1254//576 1286//576
f 1253//576 1286//576 1285//576
f 1254//577 1255//577 1287//577
f 1254//577 1287//577 1286//577
f 1255//578 1225//578 1257//578
f 1255//578 1257//578 1287//578
f 1257//579 1256//579 1288//579
f 1257//579 1288//579 1289//579
f 1256//580 1258//580 1290//580
f 1256//580 1290//580 1288//580
f 1258//581 1259//581 1291//581
f 1258//581 1291//581 1290//581
f 1259//582 1260//582 1292//582
f 1259//582 1292//582 1291//582
f 1260//583 1261//583 1293//583
f 1260//583 1293//583 1292//583
f 1261//584 1262//584 1294//584
f 1261//584 1294//584 1293//584
f 1262//585 1263//585 1295//585
f 1262//585 1295//585 1294//585
f 1263//586 1264//586 1296//586
f 1263//586 1296//586 1295//586
f 1264//587 1265//587 1297//587
f 1264//587 1297//587 1296//587
f 1265//588 1266//588 1298//588
f 1265//588 1298//588 1297//588
f 1266//589 1267//589 1299//589
f 1266//589 1299//589 1298//589
f 1267//590 1268//590 1300//590
f 1267//590 1300//590 1299//590
f 1268//591 1269//591 1301//591
f 1268//591 1301//591 1300//591
f 1269//592 1270//592 1302//592
f 1269//592 1302//592 1301//592
f 1270//593 1271//593 1303//593
f 1270//593 1303//593 1302//593
f 1271//594 1272//594 1304//594
f 1271//594 1304//594 1303//594
f 1272//595 1273//595 1305//595
f 1272//595 1305//595 1304//595
f 1273//596 1274//596 1306//596
f 1273//596 1306//596 1305//596
f 1274//597 1275//597 1307//597
f 1274//597 1307//597 1306//597
f 1275//598 1276//598 1308//598
f 1275//598 1308//598 1307//598
f 1276//599 1277//599 1309//599
f 1276//599 1309//599 1308//599
f 1277//600 1278//600 1310//600
f 1277//600 1310//600 1309//600
f 1278//601 1279//601 1311//601
f 1278//601 1311//601 1310//601
f 1279//602 1280//602 1312//602
f 1279//602 1312//602 1311//602
f 1280//603 1281//603 1313//603
f 1280//603 1313//603 1312//603
f 1281//604 1282//604 1314//604
f 1281//604 1314//604 1313//604
f 1282//605 1283//605 1315//605
f 1282//605 1315//605 1314//605
f 1283//606 1284//606 1316//606
f 1283//606 1316//606 1315//606
f 1284//607 1285//607 1317//607
f 1284//607 1317//607 1316//607
f 1285//608 1286//608 1318//608
f 1285//608 1318//608 1317//608
f 1286//609 1287//609 1319//609
f 1286//609 1319//609 1318//609
f 1287//610 1257//610 1289//610
f 1287//610 1289//610 1319//610
f 1289//611 1288//611 1320//611
f 1289//611 1320//611 1321//611
f 1288//612 1290//612 1322//612
f 1288//612 1322//612 1320//612
f 1290//613 1291//613 1323//613
f 1290//613 1323//613 1322//613
f 1291//614 1292//614 1324//614
f 1291//614 1324//614 1323//614
f 1292//615 1293//615 1325//615
f 1292//615 1325//615 1324//615
f 1293//616 1294//616 1326//616
f 1293//616 1326//616 1325//616
f 1294//617 1295//617 1327//617
f 1294//617 1327//617 1326//617
f 1295//618 1296//618 1328//618
f 1295//618 1328//618 1327//618
f 1296//619 1297//619 1329//619
f 1296//619 1329//619 1328//619
f 1297//620 1298//620 1330//620
f 1297//620 1330//620 1329//620
f 1298//621 1299//621 1331//621
f 1298//621 1331//621 1330//621
f 1299//622 1300//622 1332//622
f 1299//622 1332//622 1331//622
f 1300//623 1301//623 1333//623
f 1300//623 1333//623 1332//623
f 1301//624 1302//624 1334//624
f 1301//624 1334//624 1333//624
f 1302//625 1303//625 1335//625
f 1302//625 1335//625 1334//625
f 1303//626 1304//626 1336//626
f 1303//626 1336//626 1335//626
f 1304//627 1305//627 1337//627
f 1304//627 1337//627 1336//627
f 1305//628 1306//628 1338//628
f 1305//628 1338//628 1337//628
f 1306//629 1307//629 1339//629
f 1306//629 1339//629 1338//629
f 1307//630 1308//630 1340//630
f 1307//630 1340//630 1339//630
f 1308//631 1309//631 1341//631
f 1308//631 1341//631 1340//631
f 1309//632 1310//632 1342//632
f 1309//632 1342//632 1341//632
f 1310//633 1311//633 1343//633
f 1310//633 1343//633 1342//633
f 1311//634 1312//634 1344//634
f 1311//634 1344//634 1343//634
f 1312//635 1313//635 1345//635
f 1312//635 1345//635 1344//635
f 1313//636 1314//636 1346//636
f 1313//636 1346//636 1345//636
f 1314//637 1315//637 1347//637
f 1314//637 1347//637 1346//637
f 1315//638 1316//638 1348//638
f 1315//638 1348//638 1347//638
f 1316//639 1317//639 1349//639
f 1316//639 1349//639 1348//639
f 1317//640 1318//640 1350//640
f 1317//640 1350//640 1349//640
f 1318//641 1319//641 1351//641
f 1318//641 1351//641 1350//641
f 1319//642 1289//642 1321//642
f 1319//642 1321//642 1351//642
f 1321//643 1320//643 1352//643
f 1320//644 1322//644 1352//644
f 1322//645 1323//645 1352//645
f 1323//646 1324//646 1352//646
f 1324//647 1325//647 1352//647
f 1325//648 1326//648 1352//648
f 1326//649 1327//649 1352//649
f 1327//650 1328//650 1352//650
f 1328//651 1329//651 1352//651
f 1329//652 1330//652 1352//652
f 1330//653 1331//653 1352//653
f 1331//654 1332//654 1352//654
f 1332//655 1333//655 1352//655
f 1333//656 1334//656 1352//656
f 1334//657 1335//657 1352//657
f 1335//658 1336//658 1352//658
f 1336//659 1337//659 1352//659
f 1337//660 1338//660 1352//660
f 1338//661 1339//661 1352//661
f 1339//662 1340//662 1352//662
f 1340//663 1341//663 1352//663
f 1341//664 1342//664 1352//664
f 1342//665 1343//665 1352//665
f 1343//666 1344//666 1352//666
f 1344//667 1345//667 1352//667
f 1345//668 1346//668 1352//668
f 1346//669 1347//669 1352//669
f 1347//670 1348//670 1352//670
f 1348//671 1349//671 1352//671
f 1349//672 1350//672 1352//672
f 1350//673 1351//673 1352//673
f 1351//674 1321//674 1352//674
usemtl Glass
f 1353//675 1354//675 1355//675
f 1353//676 1356//676 1354//676
f 1353//677 1357//677 1356//677
f 1353//678 1358//678 1357//678
f 1353//679 1359//679 1358//679
f 1353//680 1360//680 1359//680
f 1353//681 1361//681 1360//681
f 1353//682 1362//682 1361//682
f 1353//683 1363//683 1362//683
f 1353//684 1364//684 1363//684
f 1353//685 1365//685 1364//685
f 1353//686 1366//686 1365//686
f 1353//687 1367//687 1366//687
f 1353//688 1368//688 1367//688
f 1353//689 1369//689 1368//689
f 1353//690 1370//690 1369//690
f 1353//691 1371//691 1370//691
f 1353//692 1372//692 1371//692
f 1353//693 1373//693 1372//693
f 1353//694 1374//694 1373//694
f 1353//695 1375//695 1374//695
f 1353//696 1376//696 1375//696
f 1353//697 1377//697 1376//697
f 1353//698 1378//698 1377//698
f 1353//699 1379//699 1378//699
f 1353//700 1380//700 1379//700
f 1353//701 1381//701 1380//701
f 1353//702 1382//702 1381//702
f 1353//703 1383//703 1382//703
f 1353//704 1384//704 1383//704
f 1353//705 1385//705 1384//705
f 1353//706 1355//706 1385//706
f 1355//707 1354//707 1386//707
f 1355//707 1386//707 1387//707
f 1354//708 1356//708 1388//708
f 1354//708 1388//708 1386//708
f 1356//709 1357//709 1389//709
f 1356//709 1389//709 1388//709
f 1357//710 1358//710 1390//710
f 1357//710 1390//710 1389//710
f 1358//711 1359//711 1391//711
f 1358//711 1391//711 1390//711
f 1359//712 1360//712 1392//712
f 1359//712 1392//712 1391//712
f 1360//713 1361//713 1393//713
f 1360//713 1393//713 1392//713
f 1361//714 1362//714 1394//714
f 1361//714 1394//714 1393//714
f 1362//715 1363//715 1395//715
f 1362//715 1395//715 1394//715
f 1363//716 1364//716 1396//716
f 1363//716 1396//716 1395//716
f 1364//717 1365//717 1397//717
f 1364//717 1397//717 1396//717
f 1365//718 1366//718 1398//718
f 1365//718 1398//718 1397//718
f 1366//719 1367//719 1399//719
f 1366//719 1399//719 1398//719
f 1367//720 1368//720 1400//720
f 1367//720 1400//720 1399//720
f 1368//721 1369//721 1401//721
f 1368//721 1401//721 1400//721
f 1369//722 1370//722 1402//722
f 1369//722 1402//722 1401//722
f 1370//723 1371//723 1403//723
f 1370//723 1403//723 1402//723
f 1371//724 1372//724 1404//724
f 1371//724 1404//724 1403//724
f 1372//725 1373//725 1405//725
f 1372//725 1405//725 1404//725
f 1373//726 1374//726 1406//726
f 1373//726 1406//726 1405//726
f 1374//727 1375//727 1407//727
f 1374//727 1407//727 1406//727
f 1375//728 1376//728 1408//728
f 1375//728 1408//728 1407//728
f 1376//729 1377//729 1409//729
f 1376//729 1409//729 1408//729
f 1377//730 1378//730 1410//730
f 1377//730 1410//730 1409//730
f 1378//731 1379//731 1411//731
f 1378//731 1411//731 1410//731
f 1379//732 1380//732 1412//732
f 1379//732 1412//732 1411//732
f 1380//733 1381//733 1413//733
f 1380//733 1413//733 1412//733
f 1381//734 1382//734 1414//734
f 1381//734 1414//734 1413//734
f 1382//735 1383//735 1415//735
f 1382//735 1415//735 1414//735
f 1383//736 1384//736 1416//736
f 1383//736 1416//736 1415//736
f 1384//737 1385//737 1417//737
f 1384//737 1417//737 1416//737
f 1385//738 1355//738 1387//738
f 1385//738 1387//738 1417//738
f 1387//739 1386//739 1418//739
f 1387//739 1418//739 1419//739
f 1386//740 1388//740 1420//740
f 1386//740 1420//740 1418//740
f 1388//741 1389//741 1421//741
f 1388//741 1421//741 1420//741
f 1389//742 1390//742 1422//742
f 1389//742 1422//742 1421//742
f 1390//743 1391//743 1423//743
f 1390//743 1423//743 1422//743
f 1391//744 1392//744 1424//744
f 1391//744 1424//744 1423//744
f 1392//745 1393//745 1425//745
f 1392//745 1425//745 1424//745
f 1393//746 1394//746 1426//746
f 1393//746 1426//746 1425//746
f 1394//747 1395//747 1427//747
f 1394//747 1427//747 1426//747
f 1395//748 1396//748 1428//748
f 1395//748 1428//748 1427//748
f 1396//749 1397//749 1429//749
f 1396//749 1429//749 1428//749
f 1397//750 1398//750 1430//750
f 1397//750 1430//750 1429//750
f 1398//751 1399//751 1431//751
f 1398//751 1431//751 1430//751
f 1399//752 1400//752 1432//752
f 1399//752 1432//752 1431//752
f 1400//753 1401//753 1433//753
f 1400//753 1433//753 1432//753
f 1401//754 1402//754 1434//754
f 1401//754 1434//754 1433//754
f 1402//755 1403//755 1435//755
f 1402//755 1435//755 1434//755
f 1403//756 1404//756 1436//756
f 1403//756 1436//756 1435//756
f 1404//757 1405//757 1437//757
f 1404//757 1437//757 1436//757
f 1405//758 1406//758 1438//758
f 1405//758 1438//758 1437//758
f 1406//759 1407//759 1439//759
f 1406//759 1439//759 1438//759
f 1407//760 1408//760 1440//760
f 1407//760 1440//760 1439//760
f 1408//761 1409//761 1441//761
f 1408//761 1441//761 1440//761
f 1409//762 1410//762 1442//762
f 1409//762 1442//762 1441//762
f 1410//763 1411//763 1443//763
f 1410//763 1443//763 1442//763
f 1411//764 1412//764 1444//764
f 1411//764 1444//764 1443//764
f 1412//765 1413//765 1445//765
f 1412//765 1445//765 1444//765
f 1413//766 1414//766 1446//766
f 1413//766 1446//766 1445//766
f 1414//767 1415//767 1447//767
f 1414//767 1447//767 1446//767
f 1415//768 1416//768 1448//768
f 1415//768 1448//768 1447//768
f 1416//769 1417//769 1449//769
f 1416//769 1449//769 1448//769
f 1417//770 1387//770 1419//770
f 1417//770 1419//770 1449//770
f 1419//771 1418//771 1450//771
f 1419//771 1450//771 1451//771
f 1418//772 1420//772 1452//772
f 1418//772 1452//772 1450//772
f 1420//773 1421//773 1453//773
f 1420//773 1453//773 1452//773
f 1421//774 1422//774 1454//774
f 1421//774 1454//774 1453//774
f 1422//775 1423//775 1455//775
f 1422//775 1455//775 1454//775
f 1423//776 1424//776 1456//776
f 1423//776 1456//776 1455//776
f 1424//777 1425//777 1457//777
f 1424//777 1457//777 1456//777
f 1425//778 1426//778 1458//778
f 1425//778 1458//778 1457//778
f 1426//779 1427//779 1459//779
f 1426//779 1459//779 1458//779
f 1427//780 1428//780 1460//780
f 1427//780 1460//780 1459//780
f 1428//781 1429//781 1461//781
f 1428//781 1461//781 1460//781
f 1429//782 1430//782 1462//782
f 1429//782 1462//782 1461//782
f 1430//783 1431//783 1463//783
f 1430//783 1463//783 1462//783
f 1431//784 1432//784 1464//784
f 1431//784 1464//784 1463//784
f 1432//785 1433//785 1465//785
f 1432//785 1465//785 1464//785
f 1433//786 1434//786 1466//786
f 1433//786 1466//786 1465//786
f 1434//787 1435//787 1467//787
f 1434//787 1467//787 1466//787
f 1435//788 1436//788 1468//788
f 1435//788 1468//788 1467//788
f 1436//789 1437//789 1469//789
f 1436//789 1469//789 1468//789
f 1437//790 1438//790 1470//790
f 1437//790 1470//790 1469//790
f 1438//791 1439//791 1471//791
f 1438//791 1471//791 1470//791
f 1439//792 1440//792 1472//792
f 1439//792 1472//792 1471//792
f 1440//793 1441//793 1473//793
f 1440//793 1473//793 1472//793
f 1441//794 1442//794 1474//794
f 1441//794 1474//794 1473//794
f 1442//795 1443//795 1475//795
f 1442//795 1475//795 1474//795
f 1443//796 1444//796 1476//796
f 1443//796 1476//796 1475//796
f 1444//797 1445//797 1477//797
f 1444//797 1477//797 1476//797
f 1445//798 1446//798 1478//798
f 1445//798 1478//798 1477//798
f 1446//799 1447//799 1479//799
f 1446//799 1479//799 1478//799
f 1447//800 1448//800 1480//800
f 1447//800 1480//800 1479//800
f 1448//801 1449//801 1481//801
f 1448//801 1481//801 1480//801
f 1449//802 1419//802 1451//802
f 1449//802 1451//802 1481//802
f 1451//803 1450//803 1482//803
f 1451//803 1482//803 1483//803
f 1450//804 1452//804 1484//804
f 1450//804 1484//804 1482//804
f 1452//805 1453//805 1485//805
f 1452//805 1485//805 1484//805
f 1453//806 1454//806 1486//806
f 1453//806 1486//806 1485//806
f 1454//807 1455//807 1487//807
f 1454//807 1487//807 1486//807
f 1455//808 1456//808 1488//808
f 1455//808 1488//808 1487//808
f 1456//809 1457//809 1489//809
f 1456//809 1489//809 1488//809
f 1457//810 1458//810 1490//810
f 1457//810 1490//810 1489//810
f 1458//811 1459//811 1491//811
f 1458//811 1491//811 1490//811
f 1459//812 1460//812 1492//812
f 1459//812 1492//812 1491//812
f 1460//813 1461//813 1493//813
f 1460//813 1493//813 1492//813
f 1461//814 1462//814 1494//814
f 1461//814 1494//814 1493//814
f 1462//815 1463//815 1495//815
f 1462//815 1495//815 1494//815
f 1463//816 1464//816 1496//816
f 1463//816 1496//816 1495//816
f 1464//817 1465//817 1497//817
f 1464//817 1497//817 1496//817
f 1465//818 1466//818 1498//818
f 1465//818 1498//818 1497//818
f 1466//819 1467//819 1499//819
f 1466//819 1499//819 1498//819
f 1467//820 1468//820 1500//820
f 1467//820 1500//820 1499//820
f 1468//821 1469//821 1501//821
f 1468//821 1501//821 1500//821
f 1469//822 1470//822 1502//822
f 1469//822 1502//822 1501//822
f 1470//823 1471//823 1503//823
f 1470//823 1503//823 1502//823
f 1471//824 1472//824 1504//824
f 1471//824 1504//824 1503//824
f 1472//825 1473//825 1505//825
f 1472//825 1505//825 1504//825
f 1473//826 1474//826 1506//826
f 1473//826 1506//826 1505//826
f 1474//827 1475//827 1507//827
f 1474//827 1507//827 1506//827
f 1475//828 1476//828 1508//828
f 1475//828 1508//828 1507//828
f 1476//829 1477//829 1509//829
f 1476//829 1509//829 1508//829
f 1477//830 1478//830 1510//830
f 1477//830 1510//830 1509//830
f 1478//831 1479//831 1511//831
f 1478//831 1511//831 1510//831
f 1479//832 1480//832 1512//832
f 1479//832 1512//832 1511//832
f 1480//833 1481//833 1513//833
f 1480//833 1513//833 1512//833
f 1481//834 1451//834 1483//834
f 1481//834 1483//834 1513//834
f 1483//835 1482//835 1514//835
f 1483//835 1514//835 1515//835
f 1482//836 1484//836 1516//836
f 1482//836 1516//836 1514//836
f 1484//837 1485//837 1517//837
f 1484//837 1517//837 1516//837
f 1485//838 1486//838 1518//838
f 1485//838 1518//838 1517//838
f 1486//839 1487//839 1519//839
f 1486//839 1519//839 1518//839
f 1487//840 1488//840 1520//840
f 1487//840 1520//840 1519//840
f 1488//841 1489//841 1521//841
f 1488//841 1521//841 1520//841
f 1489//842 1490//842 1522//842
f 1489//842 1522//842 1521//842
f 1490//843 1491//843 1523//843
f 1490//843 1523//843 1522//843
f 1491//844 1492//844 1524//844
f 1491//844 1524//844 1523//844
f 1492//845 1493//845 1525//845
f 1492//845 1525//845 1524//845
f 1493//846 1494//846 1526//846
f 1493//846 1526//846 1525//846
f 1494//847 1495//847 1527//847
f 1494//847 1527//847 1526//847
f 1495//848 1496//848 1528//848
f 1495//848 1528//848 1527//848
f 1496//849 1497//849 1529//849
f 1496//849 1529//849 1528//849
f 1497//850 1498//850 1530//850
f 1497//850 1530//850 1529//850
f 1498//851 1499//851 1531//851
f 1498//851 1531//851 1530//851
f 1499//852 1500//852 1532//852
f 1499//852 1532//852 1531//852
f 1500//853 1501//853 1533//853
f 1500//853 1533//853 1532//853
f 1501//854 1502//854 1534//854
f 1501//854 1534//854 1533//854
f 1502//855 1503//855 1535//855
f 1502//855 1535//855 1534//855
f 1503//856 1504//856 1536//856
f 1503//856 1536//856 1535//856
f 1504//857 1505//857 1537//857
f 1504//857 1537//857 1536//857
f 1505//858 1506//858 1538//858
f 1505//858 1538//858 1537//858
f 1506//859 1507//859 1539//859
f 1506//859 1539//859 1538//859
f 1507//860 1508//860 1540//860
f 1507//860 1540//860 1539//860
f 1508//861 1509//861 1541//861
f 1508//861 1541//861 1540//861
f 1509//862 1510//862 1542//862
f 1509//862 1542//862 1541//862
f 1510//863 1511//863 1543//863
f 1510//863 1543//863 1542//863
f 1511//864 1512//864 1544//864
f 1511//864 1544//864 1543//864
f 1512//865 1513//865 1545//865
f 1512//865 1545//865 1544//865
f 1513//866 1483//866 1515//866
f 1513//866 1515//866 1545//866
f 1515//867 1514//867 1546//867
f 1515//867 1546//867 1547//867
f 1514//868 1516//868 1548//868
f 1514//868 1548//868 1546//868
f 1516//869 1517//869 1549//869
f 1516//869 1549//869 1548//869
f 1517//870 1518//870 1550//870
f 1517//870 1550//870 1549//870
f 1518//871 1519//871 1551//871
f 1518//871 1551//871 1550//871
f 1519//872 1520//872 1552//872
f 1519//872 1552//872 1551//872
f 1520//873 1521//873 1553//873
f 1520//873 1553//873 1552//873
f 1521//874 1522//874 1554//874
f 1521//874 1554//874 1553//874
f 1522//875 1523//875 1555//875
f 1522//875 1555//875 1554//875
f 1523//876 1524//876 1556//876
f 1523//876 1556//876 1555//876
f 1524//877 1525//877 1557//877
f 1524//877 1557//877 1556//877
f 1525//878 1526//878 1558//878
f 1525//878 1558//878 1557//878
f 1526//879 1527//879 1559//879
f 1526//879 1559//879 1558//879
f 1527//880 1528//880 1560//880
f 1527//880 1560//880 1559//880
f 1528//881 1529//881 1561//881
f 1528//881 1561//881 1560//881
f 1529//882 1530//882 1562//882
f 1529//882 1562//882 1561//882
f 1530//883 1531//883 1563//883
f 1530//883 1563//883 1562//883
f 1531//884 1532//884 1564//884
f 1531//884 1564//884 1563//884
f 1532//885 1533//885 1565//885
f 1532//885 1565//885 1564//885
f 1533//886 1534//886 1566//886
f 1533//886 1566//886 1565//886
f 1534//887 1535//887 1567//887
f 1534//887 1567//887 1566//887
f 1535//888 1536//888 1568//888
f 1535//888 1568//888 1567//888
f 1536//889 1537//889 1569//889
f 1536//889 1569//889 1568//889
f 1537//890 1538//890 1570//890
f 1537//890 1570//890 1569//890
f 1538//891 1539//891 1571//891
f 1538//891 1571//891 1570//891
f 1539//892 1540//892 1572//892
f 1539//892 1572//892 1571//892
f 1540//893 1541//893 1573//893
f 1540//893 1573//893 1572//893
f 1541//894 1542//894 1574//894
f 1541//894 1574//894 1573//894
f 1542//895 1543//895 1575//895
f 1542//895 1575//895 1574//895
f 1543//896 1544//896 1576//896
f 1543//896 1576//896 1575//896
f 1544//897 1545//897 1577//897
f 1544//897 1577//897 1576//897
f 1545//898 1515//898 1547//898
f 1545//898 1547//898 1577//898
f 1547//899 1546//899 1578//899
f 1547//899 1578//899 1579//899
f 1546//900 1548//900 1580//900
f 1546//900 1580//900 1578//900
f 1548//901 1549//901 1581//901
f 1548//901 1581//901 1580//901
f 1549//902 1550//902 1582//902
f 1549//902 1582//902 1581//902
f 1550//903 1551//903 1583//903
f 1550//903 1583//903 1582//903
f 1551//904 1552//904 1584//904
f 1551//904 1584//904 1583//904
f 1552//905 1553//905 1585//905
f 1552//905 1585//905 1584//905
f 1553//906 1554//906 1586//906
f 1553//906 1586//906 1585//906
f 1554//907 1555//907 1587//907
f 1554//907 1587//907 1586//907
f 1555//908 1556//908 1588//908
f 1555//908 1588//908 1587//908
f 1556//909 1557//909 1589//909
f 1556//909 1589//909 1588//909
f 1557//910 1558//910 1590//910
f 1557//910 1590//910 1589//910
f 1558//911 1559//911 1591//911
f 1558//911 1591//911 1590//911
f 1559//912 1560//912 1592//912
f 1559//912 1592//912 1591//912
f 1560//913 1561//913 1593//913
f 1560//913 1593//913 1592//913
f 1561//914 1562//914 1594//914
f 1561//914 1594//914 1593//914
f 1562//915 1563//915 1595//915
f 1562//915 1595//915 1594//915
f 1563//916 1564//916 1596//916
f 1563//916 1596//916 1595//916
f 1564//917 1565//917 1597//917
f 1564//917 1597//917 1596//917
f 1565//918 1566//918 1598//918
f 1565//918 1598//918 1597//918
f 1566//919 1567//919 1599//919
f 1566//919 1599//919 1598//919
f 1567//920 1568//920 1600//920
f 1567//920 1600//920 1599//920
f 1568//921 1569//921 1601//921
f 1568//921 1601//921 1600//921
f 1569//922 1570//922 1602//922
f 1569//922 1602//922 1601//922
f 1570//923 1571//923 1603//923
f 1570//923 1603//923 1602//923
f 1571//924 1572//924 1604//924
f 1571//924 1604//924 1603//924
f 1572//925 1573//925 1605//925
f 1572//925 1605//925 1604//925
f 1573//926 1574//926 1606//926
f 1573//926 1606//926 1605//926
f 1574//927 1575//927 1607//927
f 1574//927 1607//927 1606//927
f 1575//928 1576//928 1608//928
f 1575//928 1608//928 1607//928
f 1576//929 1577//929 1609//929
f 1576//929 1609//929 1608//929
f 1577//930 1547//930 1579//930
f 1577//930 1579//930 1609//930
f 1579//931 1578//931 1610//931
f 1579//931 1610//931 1611//931
f 1578//932 1580//932 1612//932
f 1578//932 1612//932 1610//932
f 1580//933 1581//933 1613//933
f 1580//933 1613//933 1612//933
f 1581//934 1582//934 1614//934
f 1581//934 1614//934 1613//934
f 1582//935 1583//935 1615//935
f 1582//935 1615//935 1614//935
f 1583//936 1584//936 1616//936
f 1583//936 1616//936 1615//936
f 1584//937 1585//937 1617//937
f 1584//937 1617//937 1616//937
f 1585//938 1586//938 1618//938
f 1585//938 1618//938 1617//938
f 1586//939 1587//939 1619//939
f 1586//939 1619//939 1618//939
f 1587//940 1588//940 1620//940
f 1587//940 1620//940 1619//940
f 1588//941 1589//941 1621//941
f 1588//941 1621//941 1620//941
f 1589//942 1590//942 1622//942
f 1589//942 1622//942 1621//942
f 1590//943 1591//943 1623//943
f 1590//943 1623//943 1622//943
f 1591//944 1592//944 1624//944
f 1591//944 1624//944 1623//944
f 1592//945 1593//945 1625//945
f 1592//945 1625//945 1624//945
f 1593//946 1594//946 1626//946
f 1593//946 1626//946 1625//946
f 1594//947 1595//947 1627//947
f 1594//947 1627//947 1626//947
f 1595//948 1596//948 1628//948
f 1595//948 1628//948 1627//948
f 1596//949 1597//949 1629//949
f 1596//949 1629//949 1628//949
f 1597//950 1598//950 1630//950
f 1597//950 1630//950 1629//950
f 1598//951 1599//951 1631//951
f 1598//951 1631//951 1630//951
f 1599//952 1600//952 1632//952
f 1599//952 1632//952 1631//952
f 1600//953 1601//953 1633//953
f 1600//953 1633//953 1632//953
f 1601//954 1602//954 1634//954
f 1601//954 1634//954 1633//954
f 1602//955 1603//955 1635//955
f 1602//955 1635//955 1634//955
f 1603//956 1604//956 1636//956
f 1603//956 1636//956 1635//956
f 1604//957 1605//957 1637//957
f 1604//957 1637//957 1636//957
f 1605//958 1606//958 1638//958
f 1605//958 1638//958 1637//958
f 1606//959 1607//959 1639//959
f 1606//959 1639//959 1638//959
f 1607//960 1608//960 1640//960
f 1607//960 1640//960 1639//960
f 1608//961 1609//961 1641//961
f 1608//961 1641//961 1640//961
f 1609//962 1579//962 1611//962
f 1609//962 1611//962 1641//962
f 1611//963 1610//963 1642//963
f 1610//964 1612//964 1642//964
f 1612//965 1613//965 1642//965
f 1613//966 1614//966 1642//966
f 1614//967 1615//967 1642//967
f 1615//968 1616//968 1642//968
f 1616//969 1617//969 1642//969
f 1617//970 1618//970 1642//970
f 1618//971 1619//971 1642//971
f 1619//972 1620//972 1642//972
f 1620//973 1621//973 1642//973
f 1621//974 1622//974 1642//974
f 1622//975 1623//975 1642//975
f 1623//976 1624//976 1642//976
f 1624//977 1625//977 1642//977
f 1625//978 1626//978 1642//978
f 1626//979 1627//979 1642//979
f 1627//980 1628//980 1642//980
f 1628//981 1629//981 1642//981
f 1629//982 1630//982 1642//982
f 1630//983 1631//983 1642//983
f 1631//984 1632//984 1642//984
f 1632//985 1633//985 1642//985
f 1633//986 1634//986 1642//986
f 1634//987 1635//987 1642//987
f 1635//988 1636//988 1642//988
f 1636//989 1637//989 1642//989
f 1637//990 1638//990 1642//990
f 1638//991 1639//991 1642//991
f 1639//992 1640//992 1642//992
f 1640//993 1641//993 1642//993
f 1641//994 1611//994 1642//994
usemtl Hull
f 1//1 4//1 5//1
f 1//1 5//1 2//1
f 6//1 8//1 9//1
f 6//1 9//1 7//1
f 12//1 13//1 4//1
f 12//1 4//1 1//1
f 14//1 15//1 8//1
f 14//1 8//1 6//1
f 17//1 18//1 13//1
f 17//1 13//1 12//1
f 19//1 20//1 15//1
f 19//1 15//1 14//1
f 22//1 23//1 18//1
f 22//1 18//1 17//1
f 24//1 25//1 20//1
f 24//1 20//1 19//1
f 27//1 28//1 23//1
f 27//1 23//1 22//1
f 29//1 30//1 25//1
f 29//1 25//1 24//1
f 32//1 33//1 28//1
f 32//1 28//1 27//1
f 34//1 35//1 30//1
f 34//1 30//1 29//1
f 37//1 38//1 33//1
f 37//1 33//1 32//1
f 39//1 40//1 35//1
f 39//1 35//1 34//1
f 42//1 43//1 38//1
f 42//1 38//1 37//1
f 44//1 45//1 40//1
f 44//1 40//1 39//1
f 47//1 48//1 43//1
f 47//1 43//1 42//1
f 49//1 50//1 45//1
f 49//1 45//1 44//1
f 52//1 53//1 48//1
f 52//1 48//1 47//1
f 54//1 55//1 50//1
f 54//1 50//1 49//1
f 57//1 58//1 53//1
f 57//1 53//1 52//1
f 59//1 60//1 55//1
f 59//1 55//1 54//1
f 62//1 63//1 58//1
f 62//1 58//1 57//1
f 64//1 65//1 60//1
f 64//1 60//1 59//1
f 67//1 68//1 63//1
f 67//1 63//1 62//1
f 69//1 70//1 65//1
f 69//1 65//1 64//1
f 72//1 73//1 68//1
f 72//1 68//1 67//1
f 74//1 75//1 70//1
f 74//1 70//1 69//1
f 77//1 78//1 73//1
f 77//1 73//1 72//1
f 79//1 80//1 75//1
f 79//1 75//1 74//1
f 82//1 83//1 78//1
f 82//1 78//1 77//1
f 84//1 85//1 80//1
f 84//1 80//1 79//1
f 87//1 88//1 83//1
f 87//1 83//1 82//1
f 89//1 90//1 85//1
f 89//1 85//1 84//1
f 92//1 93//1 88//1
f 92//1 88//1 87//1
f 94//1 95//1 90//1
f 94//1 90//1 89//1
f 97//1 98//1 93//1
f 97//1 93//1 92//1
f 99//1 100//1 95//1
f 99//1 95//1 94//1
f 102//1 103//1 98//1
f 102//1 98//1 97//1
f 104//1 105//1 100//1
f 104//1 100//1 99//1
f 107//1 108//1 103//1
f 107//1 103//1 102//1
f 109//1 110//1 105//1
f 109//1 105//1 104//1
f 112//1 113//1 108//1
f 112//1 108//1 107//1
f 114//1 115//1 110//1
f 114//1 110//1 109//1
f 117//1 118//1 113//1
f 117//1 113//1 112//1
f 119//1 120//1 115//1
f 119//1 115//1 114//1
f 122//1 123//1 118//1
f 122//1 118//1 117//1
f 124//1 125//1 120//1
f 124//1 120//1 119//1
f 127//1 128//1 123//1
f 127//1 123//1 122//1
f 129//1 130//1 125//1
f 129//1 125//1 124//1
f 132//1 133//1 128//1
f 132//1 128//1 127//1
f 134//1 135//1 130//1
f 134//1 130//1 129//1
f 137//1 138//1 133//1
f 137//1 133//1 132//1
f 139//1 140//1 135//1
f 139//1 135//1 134//1
f 142//1 143//1 138//1
f 142//1 138//1 137//1
f 144//1 145//1 140//1
f 144//1 140//1 139//1
f 147//1 148//1 143//1
f 147//1 143//1 142//1
f 149//1 150//1 145//1
f 149//1 145//1 144//1
f 152//1 153//1 148//1
f 152//1 148//1 147//1
f 154//1 155//1 150//1
f 154//1 150//1 149//1
f 157//1 158//1 153//1
f 157//1 153//1 152//1
f 159//1 160//1 155//1
f 159//1 155//1 154//1
f 2//1 5//1 158//1
f 2//1 158//1 157//1
f 7//1 9//1 160//1
f 7//1 160//1 159//1
f 163//2 165//2 166//2
f 163//2 166//2 164//2
f 167//2 169//2 170//2
f 167//2 170//2 168//2
f 11//3 10//3 173//3
f 11//3 173//3 174//3
f 176//3 175//3 172//3
f 176//3 172//3 171//3
f 164//2 166//2 178//2
f 164//2 178//2 177//2
f 168//2 170//2 180//2
f 168//2 180//2 179//2
f 10//4 16//4 182//4
f 10//4 182//4 173//4
f 175//4 183//4 181//4
f 175//4 181//4 172//4
f 177//2 178//2 185//2
f 177//2 185//2 184//2
f 179//2 180//2 187//2
f 179//2 187//2 186//2
f 16//5 21//5 189//5
f 16//5 189//5 182//5
f 183//5 190//5 188//5
f 183//5 188//5 181//5
f 184//2 185//2 192//2
f 184//2 192//2 191//2
f 186//2 187//2 194//2
f 186//2 194//2 193//2
f 21//6 26//6 196//6
f 21//6 196//6 189//6
f 190//6 197//6 195//6
f 190//6 195//6 188//6
f 191//2 192//2 199//2
f 191//2 199//2 198//2
f 193//2 194//2 201//2
f 193//2 201//2 200//2
f 26//7 31//7 203//7
f 26//7 203//7 196//7
f 197//7 204//7 202//7
f 197//7 202//7 195//7
f 198//2 199//2 206//2
f 198//2 206//2 205//2
f 200//2 201//2 208//2
f 200//2 208//2 207//2
f 31//8 36//8 210//8
f 31//8 210//8 203//8
f 204//8 211//8 209//8
f 204//8 209//8 202//8
f 205//2 206//2 213//2
f 205//2 213//2 212//2
f 207//2 208//2 215//2
f 207//2 215//2 214//2
f 36//9 41//9 217//9
f 36//9 217//9 210//9
f 211//9 218//9 216//9
f 211//9 216//9 209//9
f 212//2 213//2 220//2
f 212//2 220//2 219//2
f 214//2 215//2 222//2
f 214//2 222//2 221//2
f 41//10 46//10 224//10
f 41//10 224//10 217//10
f 218//10 225//10 223//10
f 218//10 223//10 216//10
f 219//2 220//2 227//2
f 219//2 227//2 226//2
f 221//2 222//2 229//2
f 221//2 229//2 228//2
f 46//11 51//11 231//11
f 46//11 231//11 224//11
f 225//11 232//11 230//11
f 225//11 230//11 223//11
f 226//2 227//2 234//2
f 226//2 234//2 233//2
f 228//2 229//2 236//2
f 228//2 236//2 235//2
f 51//12 56//12 238//12
f 51//12 238//12 231//12
f 232//12 239//12 237//12
f 232//12 237//12 230//12
f 233//2 234//2 241//2
f 233//2 241//2 240//2
f 235//2 236//2 243//2
f 235//2 243//2 242//2
f 56//13 61//13 245//13
f 56//13 245//13 238//13
f 239//13 246//13 244//13
f 239//13 244//13 237//13
f 240//2 241//2 248//2
f 240//2 248//2 247//2
f 242//2 243//2 250//2
f 242//2 250//2 249//2
f 61//14 66//14 252//14
f 61//14 252//14 245//14
f 246//14 253//14 251//14
f 246//14 251//14 244//14
f 247//2 248//2 255//2
f 247//2 255//2 254//2
f 249//2 250//2 257//2
f 249//2 257//2 256//2
f 66//15 71//15 259//15
f 66//15 259//15 252//15
f 253//15 260//15 258//15
f 253//15 258//15 251//15
f 254//2 255//2 262//2
f 254//2 262//2 261//2
f 256//2 257//2 264//2
f 256//2 264//2 263//2
f 71//16 76//16 266//16
f 71//16 266//16 259//16
f 260//16 267//16 265//16
f 260//16 265//16 258//16
f 261//2 262//2 269//2
f 261//2 269//2 268//2
f 263//2 264//2 271//2
f 263//2 271//2 270//2
f 76//17 81//17 273//17
f 76//17 273//17 266//17
f 267//17 274//17 272//17
f 267//17 272//17 265//17
f 268//2 269//2 276//2
f 268//2 276//2 275//2
f 270//2 271//2 278//2
f 270//2 278//2 277//2
f 81//18 86//18 280//18
f 81//18 280//18 273//18
f 274//18 281//18 279//18
f 274//18 279//18 272//18
f 275//2 276//2 283//2
f 275//2 283//2 282//2
f 277//2 278//2 285//2
f 277//2 285//2 284//2
f 86//19 91//19 287//19
f 86//19 287//19 280//19
f 281//19 288//19 286//19
f 281//19 286//19 279//19
f 282//2 283//2 290//2
f 282//2 290//2 289//2
f 284//2 285//2 292//2
f 284//2 292//2 291//2
f 91//20 96//20 294//20
f 91//20 294//20 287//20
f 288//20 295//20 293//20
f 288//20 293//20 286//20
f 289//2 290//2 297//2
f 289//2 297//2 296//2
f 291//2 292//2 299//2
f 291//2 299//2 298//2
f 96//21 101//21 301//21
f 96//21 301//21 294//21
f 295//21 302//21 300//21
f 295//21 300//21 293//21
f 296//2 297//2 304//2
f 296//2 304//2 303//2
f 298//2 299//2 306//2
f 298//2 306//2 305//2
f 101//22 106//22 308//22
f 101//22 308//22 301//22
f 302//22 309//22 307//22
f 302//22 307//22 300//22
f 303//2 304//2 311//2
f 303//2 311//2 310//2
f 305//2 306//2 313//2
f 305//2 313//2 312//2
f 106//23 111//23 315//23
f 106//23 315//23 308//23
f 309//23 316//23 314//23
f 309//23 314//23 307//23
f 310//2 311//2 318//2
f 310//2 318//2 317//2
f 312//2 313//2 320//2
f 312//2 320//2 319//2
f 111//24 116//24 322//24
f 111//24 322//24 315//24
f 316//24 323//24 321//24
f 316//24 321//24 314//24
f 317//2 318//2 325//2
f 317//2 325//2 324//2
f 319//2 320//2 327//2
f 319//2 327//2 326//2
f 116//25 121//25 329//25
f 116//25 329//25 322//25
f 323//25 330//25 328//25
f 323//25 328//25 321//25
f 324//2 325//2 332//2
f 324//2 332//2 331//2
f 326//2 327//2 334//2
f 326//2 334//2 333//2
f 121//26 126//26 336//26
f 121//26 336//26 329//26
f 330//26 337//26 335//26
f 330//26 335//26 328//26
f 331//2 332//2 339//2
f 331//2 339//2 338//2
f 333//2 334//2 341//2
f 333//2 341//2 340//2
f 126//27 131//27 343//27
f 126//27 343//27 336//27
f 337//27 344//27 342//27
f 337//27 342//27 335//27
f 338//2 339//2 346//2
f 338//2 346//2 345//2
f 340//2 341//2 348//2
f 340//2 348//2 347//2
f 131//28 136//28 350//28
f 131//28 350//28 343//28
f 344//28 351//28 349//28
f 344//28 349//28 342//28
f 345//2 346//2 353//2
f 345//2 353//2 352//2
f 347//2 348//2 355//2
f 347//2 355//2 354//2
f 136//29 141//29 357//29
f 136//29 357//29 350//29
f 351//29 358//29 356//29
f 351//29 356//29 349//29
f 352//2 353//2 360//2
f 352//2 360//2 359//2
f 354//2 355//2 362//2
f 354//2 362//2 361//2
f 141//30 146//30 364//30
f 141//30 364//30 357//30
f 358//30 365//30 363//30
f 358//30 363//30 356//30
f 359//2 360//2 367//2
f 359//2 367//2 366//2
f 361//2 362//2 369//2
f 361//2 369//2 368//2
f 146//31 151//31 371//31
f 146//31 371//31 364//31
f 365//31 372//31 370//31
f 365//31 370//31 363//31
f 366//2 367//2 374//2
f 366//2 374//2 373//2
f 368//2 369//2 376//2
f 368//2 376//2 375//2
f 151//32 156//32 378//32
f 151//32 378//32 371//32
f 372//32 379//32 377//32
f 372//32 377//32 370//32
f 373//2 374//2 381//2
f 373//2 381//2 380//2
f 375//2 376//2 383//2
f 375//2 383//2 382//2
f 156//33 161//33 385//33
f 156//33 385//33 378//33
f 379//33 386//33 384//33
f 379//33 384//33 377//33
f 380//2 381//2 165//2
f 380//2 165//2 163//2
f 382//2 383//2 169//2
f 382//2 169//2 167//2
f 161//34 11//34 174//34
f 161//34 174//34 385//34
f 386//34 176//34 171//34
f 386//34 171//34 384//34
f 387//1 390//1 391//1
f 387//1 391//1 388//1
f 392//1 394//1 395//1
f 392//1 395//1 393//1
f 398//1 399//1 390//1
f 398//1 390//1 387//1
f 400//1 401//1 394//1
f 400//1 394//1 392//1
f 403//1 404//1 399//1
f 403//1 399//1 398//1
f 405//1 406//1 401//1
f 405//1 401//1 400//1
f 408//1 409//1 404//1
f 408//1 404//1 403//1
f 410//1 411//1 406//1
f 410//1 406//1 405//1
f 413//1 414//1 409//1
f 413//1 409//1 408//1
f 415//1 416//1 411//1
f 415//1 411//1 410//1
f 418//1 419//1 414//1
f 418//1 414//1 413//1
f 420//1 421//1 416//1
f 420//1 416//1 415//1
f 423//1 424//1 419//1
f 423//1 419//1 418//1
f 425//1 426//1 421//1
f 425//1 421//1 420//1
f 428//1 429//1 424//1
f 428//1 424//1 423//1
f 430//1 431//1 426//1
f 430//1 426//1 425//1
f 433//1 434//1 429//1
f 433//1 429//1 428//1
f 435//1 436//1 431//1
f 435//1 431//1 430//1
f 438//1 439//1 434//1
f 438//1 434//1 433//1
f 440//1 441//1 436//1
f 440//1 436//1 435//1
f 443//1 444//1 439//1
f 443//1 439//1 438//1
f 445//1 446//1 441//1
f 445//1 441//1 440//1
f 448//1 449//1 444//1
f 448//1 444//1 443//1
f 450//1 451//1 446//1
f 450//1 446//1 445//1
f 453//1 454//1 449//1
f 453//1 449//1 448//1
f 455//1 456//1 451//1
f 455//1 451//1 450//1
f 458//1 459//1 454//1
f 458//1 454//1 453//1
f 460//1 461//1 456//1
f 460//1 456//1 455//1
f 463//1 464//1 459//1
f 463//1 459//1 458//1
f 465//1 466//1 461//1
f 465//1 461//1 460//1
f 468//1 469//1 464//1
f 468//1 464//1 463//1
f 470//1 471//1 466//1
f 470//1 466//1 465//1
f 473//1 474//1 469//1
f 473//1 469//1 468//1
f 475//1 476//1 471//1
f 475//1 471//1 470//1
f 478//1 479//1 474//1
f 478//1 474//1 473//1
f 480//1 481//1 476//1
f 480//1 476//1 475//1
f 483//1 484//1 479//1
f 483//1 479//1 478//1
f 485//1 486//1 481//1
f 485//1 481//1 480//1
f 488//1 489//1 484//1
f 488//1 484//1 483//1
f 490//1 491//1 486//1
f 490//1 486//1 485//1
f 493//1 494//1 489//1
f 493//1 489//1 488//1
f 495//1 496//1 491//1
f 495//1 491//1 490//1
f 498//1 499//1 494//1
f 498//1 494//1 493//1
f 500//1 501//1 496//1
f 500//1 496//1 495//1
f 503//1 504//1 499//1
f 503//1 499//1 498//1
f 505//1 506//1 501//1
f 505//1 501//1 500//1
f 508//1 509//1 504//1
f 508//1 504//1 503//1
f 510//1 511//1 506//1
f 510//1 506//1 505//1
f 513//1 514//1 509//1
f 513//1 509//1 508//1
f 515//1 516//1 511//1
f 515//1 511//1 510//1
f 518//1 519//1 514//1
f 518//1 514//1 513//1
f 520//1 521//1 516//1
f 520//1 516//1 515//1
f 523//1 524//1 519//1
f 523//1 519//1 518//1
f 525//1 526//1 521//1
f 525//1 521//1 520//1
f 528//1 529//1 524//1
f 528//1 524//1 523//1
f 530//1 531//1 526//1
f 530//1 526//1 525//1
f 533//1 534//1 529//1
f 533//1 529//1 528//1
f 535//1 536//1 531//1
f 535//1 531//1 530//1
f 538//1 539//1 534//1
f 538//1 534//1 533//1
f 540//1 541//1 536//1
f 540//1 536//1 535//1
f 543//1 544//1 539//1
f 543//1 539//1 538//1
f 545//1 546//1 541//1
f 545//1 541//1 540//1
f 388//1 391//1 544//1
f 388//1 544//1 543//1
f 393//1 395//1 546//1
f 393//1 546//1 545//1
f 549//2 551//2 552//2
f 549//2 552//2 550//2
f 553//2 555//2 556//2
f 553//2 556//2 554//2
f 397//3 396//3 559//3
f 397//3 559//3 560//3
f 562//3 561//3 558//3
f 562//3 558//3 557//3
f 550//2 552//2 564//2
f 550//2 564//2 563//2
f 554//2 556//2 566//2
f 554//2 566//2 565//2
f 396//4 402//4 568//4
f 396//4 568//4 559//4
f 561//4 569//4 567//4
f 561//4 567//4 558//4
f 563//2 564//2 571//2
f 563//2 571//2 570//2
f 565//2 566//2 573//2
f 565//2 573//2 572//2
f 402//5 407//5 575//5
f 402//5 575//5 568//5
f 569//5 576//5 574//5
f 569//5 574//5 567//5
f 570//2 571//2 578//2
f 570//2 578//2 577//2
f 572//2 573//2 580//2
f 572//2 580//2 579//2
f 407//6 412//6 582//6
f 407//6 582//6 575//6
f 576//6 583//6 581//6
f 576//6 581//6 574//6
f 577//2 578//2 585//2
f 577//2 585//2 584//2
f 579//2 580//2 587//2
f 579//2 587//2 586//2
f 412//7 417//7 589//7
f 412//7 589//7 582//7
f 583//7 590//7 588//7
f 583//7 588//7 581//7
f 584//2 585//2 592//2
f 584//2 592//2 591//2
f 586//2 587//2 594//2
f 586//2 594//2 593//2
f 417//8 422//8 596//8
f 417//8 596//8 589//8
f 590//8 597//8 595//8
f 590//8 595//8 588//8
f 591//2 592//2 599//2
f 591//2 599//2 598//2
f 593//2 594//2 601//2
f 593//2 601//2 600//2
f 422//9 427//9 603//9
f 422//9 603//9 596//9
f 597//9 604//9 602//9
f 597//9 602//9 595//9
f 598//2 599//2 606//2
f 598//2 606//2 605//2
f 600//2 601//2 608//2
f 600//2 608//2 607//2
f 427//10 432//10 610//10
f 427//10 610//10 603//10
f 604//10 611//10 609//10
f 604//10 609//10 602//10
f 605//2 606//2 613//2
f 605//2 613//2 612//2
f 607//2 608//2 615//2
f 607//2 615//2 614//2
f 432//11 437//11 617//11
f 432//11 617//11 610//11
f 611//11 618//11 616//11
f 611//11 616//11 609//11
f 612//2 613//2 620//2
f 612//2 620//2 619//2
f 614//2 615//2 622//2
f 614//2 622//2 621//2
f 437//12 442//12 624//12
f 437//12 624//12 617//12
f 618//12 625//12 623//12
f 618//12 623//12 616//12
f 619//2 620//2 627//2
f 619//2 627//2 626//2
f 621//2 622//2 629//2
f 621//2 629//2 628//2
f 442//13 447//13 631//13
f 442//13 631//13 624//13
f 625//13 632//13 630//13
f 625//13 630//13 623//13
f 626//2 627//2 634//2
f 626//2 634//2 633//2
f 628//2 629//2 636//2
f 628//2 636//2 635//2
f 447//14 452//14 638//14
f 447//14 638//14 631//14
f 632//14 639//14 637//14
f 632//14 637//14 630//14
f 633//2 634//2 641//2
f 633//2 641//2 640//2
f 635//2 636//2 643//2
f 635//2 643//2 642//2
f 452//15 457//15 645//15
f 452//15 645//15 638//15
f 639//15 646//15 644//15
f 639//15 644//15 637//15
f 640//2 641//2 648//2
f 640//2 648//2 647//2
f 642//2 643//2 650//2
f 642//2 650//2 649//2
f 457//16 462//16 652//16
f 457//16 652//16 645//16
f 646//16 653//16 651//16
f 646//16 651//16 644//16
f 647//2 648//2 655//2
f 647//2 655//2 654//2
f 649//2 650//2 657//2
f 649//2 657//2 656//2
f 462//17 467//17 659//17
f 462//17 659//17 652//17
f 653//17 660//17 658//17
f 653//17 658//17 651//17
f 654//2 655//2 662//2
f 654//2 662//2 661//2
f 656//2 657//2 664//2
f 656//2 664//2 663//2
f 467//18 472//18 666//18
f 467//18 666//18 659//18
f 660//18 667//18 665//18
f 660//18 665//18 658//18
f 661//2 662//2 669//2
f 661//2 669//2 668//2
f 663//2 664//2 671//2
f 663//2 671//2 670//2
f 472//19 477//19 673//19
f 472//19 673//19 666//19
f 667//19 674//19 672//19
f 667//19 672//19 665//19
f 668//2 669//2 676//2
f 668//2 676//2 675//2
f 670//2 671//2 678//2
f 670//2 678//2 677//2
f 477//20 482//20 680//20
f 477//20 680//20 673//20
f 674//20 681//20 679//20
f 674//20 679//20 672//20
f 675//2 676//2 683//2
f 675//2 683//2 682//2
f 677//2 678//2 685//2
f 677//2 685//2 684//2
f 482//21 487//21 687//21
f 482//21 687//21 680//21
f 681//21 688//21 686//21
f 681//21 686//21 679//21
f 682//2 683//2 690//2
f 682//2 690//2 689//2
f 684//2 685//2 692//2
f 684//2 692//2 691//2
f 487//22 492//22 694//22
f 487//22 694//22 687//22
f 688//22 695//22 693//22
f 688//22 693//22 686//22
f 689//2 690//2 697//2
f 689//2 697//2 696//2
f 691//2 692//2 699//2
f 691//2 699//2 698//2
f 492//23 497//23 701//23
f 492//23 701//23 694//23
f 695//23 702//23 700//23
f 695//23 700//23 693//23
f 696//2 697//2 704//2
f 696//2 704//2 703//2
f 698//2 699//2 706//2
f 698//2 706//2 705//2
f 497//24 502//24 708//24
f 497//24 708//24 701//24
f 702//24 709//24 707//24
f 702//24 707//24 700//24
f 703//2 704//2 711//2
f 703//2 711//2 710//2
f 705//2 706//2 713//2
f 705//2 713//2 712//2
f 502//25 507//25 715//25
f 502//25 715//25 708//25
f 709//25 716//25 714//25
f 709//25 714//25 707//25
f 710//2 711//2 718//2
f 710//2 718//2 717//2
f 712//2 713//2 720//2
f 712//2 720//2 719//2
f 507//26 512//26 722//26
f 507//26 722//26 715//26
f 716//26 723//26 721//26
f 716//26 721//26 714//26
f 717//2 718//2 725//2
f 717//2 725//2 724//2
f 719//2 720//2 727//2
f 719//2 727//2 726//2
f 512//27 517//27 729//27
f 512//27 729//27 722//27
f 723//27 730//27 728//27
f 723//27 728//27 721//27
f 724//2 725//2 732//2
f 724//2 732//2 731//2
f 726//2 727//2 734//2
f 726//2 734//2 733//2
f 517//28 522//28 736//28
f 517//28 736//28 729//28
f 730//28 737//28 735//28
f 730//28 735//28 728//28
f 731//2 732//2 739//2
f 731//2 739//2 738//2
f 733//2 734//2 741//2
f 733//2 741//2 740//2
f 522//29 527//29 743//29
f 522//29 743//29 736//29
f 737//29 744//29 742//29
f 737//29 742//29 735//29
f 738//2 739//2 746//2
f 738//2 746//2 745//2
f 740//2 741//2 748//2
f 740//2 748//2 747//2
f 527//30 532//30 750//30
f 527//30 750//30 743//30
f 744//30 751//30 749//30
f 744//30 749//30 742//30
f 745//2 746//2 753//2
f 745//2 753//2 752//2
f 747//2 748//2 755//2
f 747//2 755//2 754//2
f 532//31 537//31 757//31
f 532//31 757//31 750//31
f 751//31 758//31 756//31
f 751//31 756//31 749//31
f 752//2 753//2 760//2
f 752//2 760//2 759//2
f 754//2 755//2 762//2
f 754//2 762//2 761//2
f 537//32 542//32 764//32
f 537//32 764//32 757//32
f 758//32 765//32 763//32
f 758//32 763//32 756//32
f 759//2 760//2 767//2
f 759//2 767//2 766//2
f 761//2 762//2 769//2
f 761//2 769//2 768//2
f 542//33 547//33 771//33
f 542//33 771//33 764//33
f 765//33 772//33 770//33
f 765//33 770//33 763//33
f 766//2 767//2 551//2
f 766//2 551//2 549//2
f 768//2 769//2 555//2
f 768//2 555//2 553//2
f 547//34 397//34 560//34
f 547//34 560//34 771//34
f 772//34 562//34 557//34
f 772//34 557//34 770//34
f 1643//995 1644//995 1645//995
f 1643//996 1646//996 1644//996
f 1643//997 1647//997 1646//997
f 1643//998 1648//998 1647//998
f 1643//999 1649//999 1648//999
f 1643//1000 1650//1000 1649//1000
f 1643//1001 1651//1001 1650//1001
f 1643//1002 1652//1002 1651//1002
f 1643//1003 1653//1003 1652//1003
f 1643//1004 1654//1004 1653//1004
f 1643//1005 1655//1005 1654//1005
f 1643//1006 1656//1006 1655//1006
f 1643//1007 1657//1007 1656//1007
f 1643//1008 1658//1008 1657//1008
f 1643//1009 1659//1009 1658//1009
f 1643//1010 1645//1010 1659//1010
f 1645//1011 1644//1011 1660//1011
f 1645//1011 1660//1011 1661//1011
f 1644//1012 1646//1012 1662//1012
f 1644//1012 1662//1012 1660//1012
f 1646//1013 1647//1013 1663//1013
f 1646//1013 1663//1013 1662//1013
f 1647//1014 1648//1014 1664//1014
f 1647//1014 1664//1014 1663//1014
f 1648//1015 1649//1015 1665//1015
f 1648//1015 1665//1015 1664//1015
f 1649//1016 1650//1016 1666//1016
f 1649//1016 1666//1016 1665//1016
f 1650//1017 1651//1017 1667//1017
f 1650//1017 1667//1017 1666//1017
f 1651//1018 1652//1018 1668//1018
f 1651//1018 1668//1018 1667//1018
f 1652//1019 1653//1019 1669//1019
f 1652//1019 1669//1019 1668//1019
f 1653//1020 1654//1020 1670//1020
f 1653//1020 1670//1020 1669//1020
f 1654//1021 1655//1021 1671//1021
f 1654//1021 1671//1021 1670//1021
f 1655//1022 1656//1022 1672//1022
f 1655//1022 1672//1022 1671//1022
f 1656//1023 1657//1023 1673//1023
f 1656//1023 1673//1023 1672//1023
f 1657//1024 1658//1024 1674//1024
f 1657//1024 1674//1024 1673//1024
f 1658//1025 1659//1025 1675//1025
f 1658//1025 1675//1025 1674//1025
f 1659//1026 1645//1026 1661//1026
f 1659//1026 1661//1026 1675//1026
f 1661//1027 1660//1027 1676//1027
f 1661//1027 1676//1027 1677//1027
f 1660//1028 1662//1028 1678//1028
f 1660//1028 1678//1028 1676//1028
f 1662//1029 1663//1029 1679//1029
f 1662//1029 1679//1029 1678//1029
f 1663//1030 1664//1030 1680//1030
f 1663//1030 1680//1030 1679//1030
f 1664//1031 1665//1031 1681//1031
f 1664//1031 1681//1031 1680//1031
f 1665//1032 1666//1032 1682//1032
f 1665//1032 1682//1032 1681//1032
f 1666//1033 1667//1033 1683//1033
f 1666//1033 1683//1033 1682//1033
f 1667//1034 1668//1034 1684//1034
f 1667//1034 1684//1034 1683//1034
f 1668//1035 1669//1035 1685//1035
f 1668//1035 1685//1035 1684//1035
f 1669//1036 1670//1036 1686//1036
f 1669//1036 1686//1036 1685//1036
f 1670//1037 1671//1037 1687//1037
f 1670//1037 1687//1037 1686//1037
f 1671//1038 1672//1038 1688//1038
f 1671//1038 1688//1038 1687//1038
f 1672//1039 1673//1039 1689//1039
f 1672//1039 1689//1039 1688//1039
f 1673//1040 1674//1040 1690//1040
f 1673//1040 1690//1040 1689//1040
f 1674//1041 1675//1041 1691//1041
f 1674//1041 1691//1041 1690//1041
f 1675//1042 1661//1042 1677//1042
f 1675//1042 1677//1042 1691//1042
f 1677//1043 1676//1043 1692//1043
f 1676//1044 1678//1044 1692//1044
f 1678//1045 1679//1045 1692//1045
f 1679//1046 1680//1046 1692//1046
f 1680//1047 1681//1047 1692//1047
f 1681//1048 1682//1048 1692//1048
f 1682//1049 1683//1049 1692//1049
f 1683//1050 1684//1050 1692//1050
f 1684//1051 1685//1051 1692//1051
f 1685//1052 1686//1052 1692//1052
f 1686//1053 1687//1053 1692//1053
f 1687//1054 1688//1054 1692//1054
f 1688//1055 1689//1055 1692//1055
f 1689//1056 1690//1056 1692//1056
f 1690//1057 1691//1057 1692//1057
f 1691//1058 1677//1058 1692//1058
f 1693//995 1694//995 1695//995
f 1693//996 1696//996 1694//996
f 1693//997 1697//997 1696//997
f 1693//998 1698//998 1697//998
f 1693//999 1699//999 1698//999
f 1693//1000 1700//1000 1699//1000
f 1693//1001 1701//1001 1700//1001
f 1693//1002 1702//1002 1701//1002
f 1693//1003 1703//1003 1702//1003
f 1693//1004 1704//1004 1703//1004
f 1693//1005 1705//1005 1704//1005
f 1693//1006 1706//1006 1705//1006
f 1693//1007 1707//1007 1706//1007
f 1693//1008 1708//1008 1707//1008
f 1693//1009 1709//1009 1708//1009
f 1693//1010 1695//1010 1709//1010
f 1695//1011 1694//1011 1710//1011
f 1695//1011 1710//1011 1711//1011
f 1694//1012 1696//1012 1712//1012
f 1694//1012 1712//1012 1710//1012
f 1696//1013 1697//1013 1713//1013
f 1696//1013 1713//1013 1712//1013
f 1697//1014 1698//1014 1714//1014
f 1697//1014 1714//1014 1713//1014
f 1698//1015 1699//1015 1715//1015
f 1698//1015 1715//1015 1714//1015
f 1699//1016 1700//1016 1716//1016
f 1699//1016 1716//1016 1715//1016
f 1700//1017 1701//1017 1717//1017
f 1700//1017 1717//1017 1716//1017
f 1701//1018 1702//1018 1718//1018
f 1701//1018 1718//1018 1717//1018
f 1702//1019 1703//1019 1719//1019
f 1702//1019 1719//1019 1718//1019
f 1703//1020 1704//1020 1720//1020
f 1703//1020 1720//1020 1719//1020
f 1704//1021 1705//1021 1721//1021
f 1704//1021 1721//1021 1720//1021
f 1705//1022 1706//1022 1722//1022
f 1705//1022 1722//1022 1721//1022
f 1706//1023 1707//1023 1723//1023
f 1706//1023 1723//1023 1722//1023
f 1707//1024 1708//1024 1724//1024
f 1707//1024 1724//1024 1723//1024
f 1708//1025 1709//1025 1725//1025
f 1708//1025 1725//1025 1724//1025
f 1709//1026 1695//1026 1711//1026
f 1709//1026 1711//1026 1725//1026
f 1711//1027 1710//1027 1726//1027
f 1711//1027 1726//1027 1727//1027
f 1710//1028 1712//1028 1728//1028
f 1710//1028 1728//1028 1726//1028
f 1712//1029 1713//1029 1729//1029
f 1712//1029 1729//1029 1728//1029
f 1713//1030 1714//1030 1730//1030
f 1713//1030 1730//1030 1729//1030
f 1714//1031 1715//1031 1731//1031
f 1714//1031 1731//1031 1730//1031
f 1715//1032 1716//1032 1732//1032
f 1715//1032 1732//1032 1731//1032
f 1716//1033 1717//1033 1733//1033
f 1716//1033 1733//1033 1732//1033
f 1717//1034 1718//1034 1734//1034
f 1717//1034 1734//1034 1733//1034
f 1718//1035 1719//1035 1735//1035
f 1718//1035 1735//1035 1734//1035
f 1719//1036 1720//1036 1736//1036
f 1719//1036 1736//1036 1735//1036
f 1720//1037 1721//1037 1737//1037
f 1720//1037 1737//1037 1736//1037
f 1721//1038 1722//1038 1738//1038
f 1721//1038 1738//1038 1737//1038
f 1722//1039 1723//1039 1739//1039
f 1722//1039 1739//1039 1738//1039
f 1723//1040 1724//1040 1740//1040
f 1723//1040 1740//1040 1739//1040
f 1724//1041 1725//1041 1741//1041
f 1724//1041 1741//1041 1740//1041
f 1725//1042 1711//1042 1727//1042
f 1725//1042 1727//1042 1741//1042
f 1727//1043 1726//1043 1742//1043
f 1726//1044 1728//1044 1742//1044
f 1728//1045 1729//1045 1742//1045
f 1729//1046 1730//1046 1742//1046
f 1730//1047 1731//1047 1742//1047
f 1731//1048 1732//1048 1742//1048
f 1732//1049 1733//1049 1742//1049
f 1733//1050 1734//1050 1742//1050
f 1734//1051 1735//1051 1742//1051
f 1735//1052 1736//1052 1742//1052
f 1736//1053 1737//1053 1742//1053
f 1737//1054 1738//1054 1742//1054
f 1738//1055 1739//1055 1742//1055
f 1739//1056 1740//1056 1742//1056
f 1740//1057 1741//1057 1742//1057
f 1741//1058 1727//1058 1742//1058
f 1743//1059 1744//1059 1745//1059
f 1743//1060 1746//1060 1744//1060
f 1743//1061 1747//1061 1746//1061
f 1743//1062 1748//1062 1747//1062
f 1743//1063 1749//1063 1748//1063
f 1743//1064 1750//1064 1749//1064
f 1743//1065 1751//1065 1750//1065
f 1743//1066 1752//1066 1751//1066
f 1743//1067 1753//1067 1752//1067
f 1743//1068 1754//1068 1753//1068
f 1743//1069 1755//1069 1754//1069
f 1743//1070 1756//1070 1755//1070
f 1743//1071 1757//1071 1756//1071
f 1743//1072 1758//1072 1757//1072
f 1743//1073 1759//1073 1758//1073
f 1743//1074 1745//1074 1759//1074
f 1745//1075 1744//1075 1760//1075
f 1745//1075 1760//1075 1761//1075
f 1744//1076 1746//1076 1762//1076
f 1744//1076 1762//1076 1760//1076
f 1746//1077 1747//1077 1763//1077
f 1746//1077 1763//1077 1762//1077
f 1747//1078 1748//1078 1764//1078
f 1747//1078 1764//1078 1763//1078
f 1748//1079 1749//1079 1765//1079
f 1748//1079 1765//1079 1764//1079
f 1749//1080 1750//1080 1766//1080
f 1749//1080 1766//1080 1765//1080
f 1750//1081 1751//1081 1767//1081
f 1750//1081 1767//1081 1766//1081
f 1751//1082 1752//1082 1768//1082
f 1751//1082 1768//1082 1767//1082
f 1752//1083 1753//1083 1769//1083
f 1752//1083 1769//1083 1768//1083
f 1753//1084 1754//1084 1770//1084
f 1753//1084 1770//1084 1769//1084
f 1754//1085 1755//1085 1771//1085
f 1754//1085 1771//1085 1770//1085
f 1755//1086 1756//1086 1772//1086
f 1755//1086 1772//1086 1771//1086
f 1756//1087 1757//1087 1773//1087
f 1756//1087 1773//1087 1772//1087
f 1757//1088 1758//1088 1774//1088
f 1757//1088 1774//1088 1773//1088
f 1758//1089 1759//1089 1775//1089
f 1758//1089 1775//1089 1774//1089
f 1759//1090 1745//1090 1761//1090
f 1759//1090 1761//1090 1775//1090
f 1761//1091 1760//1091 1776//1091
f 1761//1091 1776//1091 1777//1091
f 1760//1092 1762//1092 1778//1092
f 1760//1092 1778//1092 1776//1092
f 1762//1093 1763//1093 1779//1093
f 1762//1093 1779//1093 1778//1093
f 1763//1094 1764//1094 1780//1094
f 1763//1094 1780//1094 1779//1094
f 1764//1095 1765//1095 1781//1095
f 1764//1095 1781//1095 1780//1095
f 1765//1096 1766//1096 1782//1096
f 1765//1096 1782//1096 1781//1096
f 1766//1097 1767//1097 1783//1097
f 1766//1097 1783//1097 1782//1097
f 1767//1098 1768//1098 1784//1098
f 1767//1098 1784//1098 1783//1098
f 1768//1099 1769//1099 1785//1099
f 1768//1099 1785//1099 1784//1099
f 1769//1100 1770//1100 1786//1100
f 1769//1100 1786//1100 1785//1100
f 1770//1101 1771//1101 1787//1101
f 1770//1101 1787//1101 1786//1101
f 1771//1102 1772//1102 1788//1102
f 1771//1102 1788//1102 1787//1102
f 1772//1103 1773//1103 1789//1103
f 1772//1103 1789//1103 1788//1103
f 1773//1104 1774//1104 1790//1104
f 1773//1104 1790//1104 1789//1104
f 1774//1105 1775//1105 1791//1105
f 1774//1105 1791//1105 1790//1105
f 1775//1106 1761//1106 1777//1106
f 1775//1106 1777//1106 1791//1106
f 1777//1107 1776//1107 1792//1107
f 1776//1108 1778//1108 1792//1108
f 1778//1109 1779//1109 1792//1109
f 1779//1110 1780//1110 1792//1110
f 1780//1111 1781//1111 1792//1111
f 1781//1112 1782//1112 1792//1112
f 1782//1113 1783//1113 1792//1113
f 1783//1114 1784//1114 1792//1114
f 1784//1115 1785//1115 1792//1115
f 1785//1116 1786//1116 1792//1116
f 1786//1117 1787//1117 1792//1117
f 1787//1118 1788//1118 1792//1118
f 1788//1119 1789//1119 1792//1119
f 1789//1120 1790//1120 1792//1120
f 1790//1121 1791//1121 1792//1121
f 1791//1122 1777//1122 1792//1122
usemtl Rubber
f 174//3 173//3 175//3
f 174//3 175//3 176//3
f 173//4 182//4 183//4
f 173//4 183//4 175//4
f 182//5 189//5 190//5
f 182//5 190//5 183//5
f 189//6 196//6 197//6
f 189//6 197//6 190//6
f 196//7 203//7 204//7
f 196//7 204//7 197//7
f 203//8 210//8 211//8
f 203//8 211//8 204//8
f 210//9 217//9 218//9
f 210//9 218//9 211//9
f 217//10 224//10 225//10
f 217//10 225//10 218//10
f 224//11 231//11 232//11
f 224//11 232//11 225//11
f 231//12 238//12 239//12
f 231//12 239//12 232//12
f 238//13 245//13 246//13
f 238//13 246//13 239//13
f 245//14 252//14 253//14
f 245//14 253//14 246//14
f 252//15 259//15 260//15
f 252//15 260//15 253//15
f 259//16 266//16 267//16
f 259//16 267//16 260//16
f 266//17 273//17 274//17
f 266//17 274//17 267//17
f 273//18 280//18 281//18
f 273//18 281//18 274//18
f 280//19 287//19 288//19
f 280//19 288//19 281//19
f 287//20 294//20 295//20
f 287//20 295//20 288//20
f 294//21 301//21 302//21
f 294//21 302//21 295//21
f 301//22 308//22 309//22
f 301//22 309//22 302//22
f 308//23 315//23 316//23
f 308//23 316//23 309//23
f 315//24 322//24 323//24
f 315//24 323//24 316//24
f 322//25 329//25 330//25
f 322//25 330//25 323//25
f 329//26 336//26 337//26
f 329//26 337//26 330//26
f 336//27 343//27 344//27
f 336//27 344//27 337//27
f 343//28 350//28 351//28
f 343//28 351//28 344//28
f 350//29 357//29 358//29
f 350//29 358//29 351//29
f 357//30 364//30 365//30
f 357//30 365//30 358//30
f 364//31 371//31 372//31
f 364//31 372//31 365//31
f 371//32 378//32 379//32
f 371//32 379//32 372//32
f 378//33 385//33 386//33
f 378//33 386//33 379//33
f 385//34 174//34 176//34
f 385//34 176//34 386//34
f 560//3 559//3 561//3
f 560//3 561//3 562//3
f 559//4 568//4 569//4
f 559//4 569//4 561//4
f 568//5 575//5 576//5
f 568//5 576//5 569//5
f 575//6 582//6 583//6
f 575//6 583//6 576//6
f 582//7 589//7 590//7
f 582//7 590//7 583//7
f 589//8 596//8 597//8
f 589//8 597//8 590//8
f 596//9 603//9 604//9
f 596//9 604//9 597//9
f 603//10 610//10 611//10
f 603//10 611//10 604//10
f 610//11 617//11 618//11
f 610//11 618//11 611//11
f 617//12 624//12 625//12
f 617//12 625//12 618//12
f 624//13 631//13 632//13
f 624//13 632//13 625//13
f 631//14 638//14 639//14
f 631//14 639//14 632//14
f 638//15 645//15 646//15
f 638//15 646//15 639//15
f 645//16 652//16 653//16
f 645//16 653//16 646//16
f 652//17 659//17 660//17
f 652//17 660//17 653//17
f 659//18 666//18 667//18
f 659//18 667//18 660//18
f 666//19 673//19 674//19
f 666//19 674//19 667//19
f 673//20 680//20 681//20
f 673//20 681//20 674//20
f 680//21 687//21 688//21
f 680//21 688//21 681//21
f 687//22 694//22 695//22
f 687//22 695//22 688//22
f 694//23 701//23 702//23
f 694//23 702//23 695//23
f 701//24 708//24 709//24
f 701//24 709//24 702//24
f 708//25 715//25 716//25
f 708//25 716//25 709//25
f 715//26 722//26 723//26
f 715//26 723//26 716//26
f 722//27 729//27 730//27
f 722//27 730//27 723//27
f 729//28 736//28 737//28
f 729//28 737//28 730//28
f 736//29 743//29 744//29
f 736//29 744//29 737//29
f 743//30 750//30 751//30
f 743//30 751//30 744//30
f 750//31 757//31 758//31
f 750//31 758//31 751//31
f 757//32 764//32 765//32
f 757//32 765//32 758//32
f 764//33 771//33 772//33
f 764//33 772//33 765//33
f 771//34 560//34 562//34
f 771//34 562//34 772//34
